Date,Adj Close,Yesterday,Return
2018-06-19,47.42802810668945,,
2018-06-20,48.01660919189453,47.42802810668945,0.012409984321529533
2018-06-21,47.722312927246094,48.01660919189453,-0.006129051376208305
2018-06-22,47.93117904663086,47.722312927246094,0.004376697326116348
2018-06-25,46.943885803222656,47.93117904663086,-0.020598142233215128
2018-06-26,47.02171325683594,46.943885803222656,0.001657882646091868
2018-06-27,46.61162185668945,47.02171325683594,-0.00872131982742815
2018-06-28,47.0767822265625,46.61162185668945,0.009979493339734316
2018-06-29,47.01981735229492,47.0767822265625,-0.0012100417992340264
2018-07-02,47.314109802246094,47.01981735229492,0.006258902448433441
2018-07-03,46.735023498535156,47.314109802246094,-0.01223918839710363
2018-07-05,47.447017669677734,46.735023498535156,0.015234702324797046
2018-07-06,48.19697952270508,47.447017669677734,0.0158063012147258
2018-07-09,48.472286224365234,48.19697952270508,0.0057121152484350644
2018-07-10,48.45235061645508,48.472286224365234,-0.0004112784740104822
2018-07-11,48.38684844970703,48.45235061645508,-0.0013518883173812715
2018-07-12,49.146305084228516,48.38684844970703,0.015695517663458874
2018-07-13,49.070343017578125,49.146305084228516,-0.0015456312843906454
2018-07-16,48.927947998046875,49.070343017578125,-0.0029018549856119984
2018-07-17,48.937442779541016,48.927947998046875,0.0001940564009453174
2018-07-18,48.795047760009766,48.937442779541016,-0.00290973560209771
2018-07-19,48.45329666137695,48.795047760009766,-0.007003807032091818
2018-07-20,48.29190444946289,48.45329666137695,-0.0033308819633465995
2018-07-23,48.49127197265625,48.29190444946289,0.004128383948949372
2018-07-24,48.83302307128906,48.49127197265625,0.007047682701033757
2018-07-25,49.184268951416016,48.83302307128906,0.007192794097842061
2018-07-26,47.329288482666016,49.184268951416016,-0.03771491390026231
2018-07-27,46.431236267089844,47.329288482666016,-0.0189745555947894
2018-07-30,45.70027160644531,46.431236267089844,-0.015742950638655172
2018-07-31,46.00404739379883,45.70027160644531,0.006647133084230352
2018-08-01,45.814186096191406,46.00404739379883,-0.004127056386630331
2018-08-02,46.11796569824219,45.814186096191406,0.00663068861275776
2018-08-03,46.431236267089844,46.11796569824219,0.006792809789083926
2018-08-06,46.89641571044922,46.431236267089844,0.010018674512207445
2018-08-07,46.953372955322266,46.89641571044922,0.001214533008763737
2018-08-08,46.9153938293457,46.953372955322266,-0.000808868960547327
2018-08-09,47.17170715332031,46.9153938293457,0.005463309652839037
2018-08-10,46.77299499511719,47.17170715332031,-0.008452358039686943
2018-08-13,46.706539154052734,46.77299499511719,-0.0014208164576886878
2018-08-14,47.0388069152832,46.706539154052734,0.007113945225839706
2018-08-15,46.38378143310547,47.0388069152832,-0.013925214628794348
2018-08-16,46.36479187011719,46.38378143310547,-0.0004094009242361564
2018-08-17,46.14645004272461,46.36479187011719,-0.004709216165667785
2018-08-20,46.22238540649414,46.14645004272461,0.0016455299096512653
2018-08-21,46.50718688964844,46.22238540649414,0.006161548796100923
2018-08-22,46.450225830078125,46.50718688964844,-0.0012247797250233357
2018-08-23,46.26036071777344,46.450225830078125,-0.004087496000541364
2018-08-24,46.934383392333984,46.26036071777344,0.014570199282981042
2018-08-27,47.39005661010742,46.934383392333984,0.0097087291839838
2018-08-28,47.181217193603516,47.39005661010742,-0.004406819308575476
2018-08-29,47.447017669677734,47.181217193603516,0.005633607861016651
2018-08-30,47.1527214050293,47.447017669677734,-0.0062026293559124005
2018-08-31,46.68756103515625,47.1527214050293,-0.00986497398267734
2018-09-04,46.10848617553711,46.68756103515625,-0.01240319362973557
2018-09-05,45.51039505004883,46.10848617553711,-0.012971389327581068
2018-09-06,45.16865539550781,45.51039505004883,-0.007509046101779531
2018-09-07,45.263572692871094,45.16865539550781,0.0021013974521083734
2018-09-10,45.35850524902344,45.263572692871094,0.0020973279505905064
2018-09-11,45.814186096191406,45.35850524902344,0.010046205108969712
2018-09-12,45.681278228759766,45.814186096191406,-0.0029010199406923312
2018-09-13,46.00404739379883,45.681278228759766,0.00706567717791783
2018-09-14,45.91860580444336,46.00404739379883,-0.0018572624409344024
2018-09-17,45.47243881225586,45.91860580444336,-0.009716475149259132
2018-09-18,45.79520797729492,45.47243881225586,0.007098127425531195
2018-09-19,45.91860580444336,45.79520797729492,0.0026945576316547712
2018-09-20,46.421756744384766,45.91860580444336,0.01095745245585654
2018-09-21,46.214237213134766,46.421756744384766,-0.0044703075842794735
2018-09-24,46.214237213134766,46.214237213134766,0.0
2018-09-25,46.233280181884766,46.214237213134766,0.0004120584888629885
2018-09-26,46.41413116455078,46.233280181884766,0.003911705636168058
2018-09-27,46.81393051147461,46.41413116455078,0.008613741912057563
2018-09-28,46.64259338378906,46.81393051147461,-0.0036599603112485984
2018-10-01,46.45220947265625,46.64259338378906,-0.00408176083963165
2018-10-02,46.41413116455078,46.45220947265625,-0.0008197308273976346
2018-10-03,46.62355041503906,46.41413116455078,0.004511971790354812
2018-10-04,45.95722579956055,46.62355041503906,-0.01429158889760535
2018-10-05,45.51936340332031,45.95722579956055,-0.009527607217849544
2018-10-08,45.3670539855957,45.51936340332031,-0.0033460357601024686
2018-10-09,45.3385009765625,45.3670539855957,-0.0006293776325495781
2018-10-10,43.54894256591797,45.3385009765625,-0.03947105378648567
2018-10-11,43.177703857421875,43.54894256591797,-0.008524631980080051
2018-10-12,44.13911056518555,43.177703857421875,0.022266276848309393
2018-10-15,43.9677619934082,44.13911056518555,-0.003882012337432415
2018-10-16,45.129085540771484,43.9677619934082,0.026413069365172393
2018-10-17,45.30994415283203,45.129085540771484,0.0040075842418112306
2018-10-18,44.48179626464844,45.30994415283203,-0.0182773981223685
2018-10-19,44.472286224365234,44.48179626464844,-0.0002137962286105149
2018-10-22,44.44371795654297,44.472286224365234,-0.0006423836111806143
2018-10-23,44.348533630371094,44.44371795654297,-0.002141682346759246
2018-10-24,42.23533630371094,44.348533630371094,-0.04764976773015513
2018-10-25,43.63460922241211,42.23533630371094,0.03313038420338628
2018-10-26,42.454280853271484,43.63460922241211,-0.02705027935793616
2018-10-29,41.79746627807617,42.454280853271484,-0.015471103549377377
2018-10-30,42.93974304199219,41.79746627807617,0.02732885185710811
2018-10-31,43.82499694824219,42.93974304199219,0.020616190119821656
2018-11-01,44.082008361816406,43.82499694824219,0.005864493587478217
2018-11-02,43.63460922241211,44.082008361816406,-0.010149245826826518
2018-11-05,43.453758239746094,43.63460922241211,-0.0041446683238112935
2018-11-06,43.71076202392578,43.453758239746094,0.0059144201696370744
2018-11-07,44.51034927368164,43.71076202392578,0.01829268611968358
2018-11-08,44.09151840209961,44.51034927368164,-0.00940974129424952
2018-11-09,43.18722915649414,44.09151840209961,-0.020509369565335882
2018-11-12,42.539939880371094,43.18722915649414,-0.014987978825349411
2018-11-13,42.406673431396484,42.539939880371094,-0.0031327371253785335
2018-11-14,42.616092681884766,42.406673431396484,0.004938356007270173
2018-11-15,42.93021011352539,42.616092681884766,0.007370864194082953
2018-11-16,42.72080993652344,42.93021011352539,-0.004877688146603794
2018-11-19,41.426231384277344,42.72080993652344,-0.030303230537287066
2018-11-20,40.8836555480957,41.426231384277344,-0.013097397905897047
2018-11-21,41.36912155151367,40.8836555480957,0.011874329653493547
2018-11-23,40.8265495300293,41.36912155151367,-0.013115386576646383
2018-11-26,41.75939178466797,40.8265495300293,0.02284891242039779
2018-11-27,41.89264678955078,41.75939178466797,0.0031910188148798015
2018-11-28,42.768402099609375,41.89264678955078,0.020904750049763676
2018-11-29,42.91118240356445,42.768402099609375,0.003338453085587273
2018-11-30,42.84455108642578,42.91118240356445,-0.0015527728066784077
2018-12-03,42.91118240356445,42.84455108642578,0.001555187659785805
2018-12-04,41.64517593383789,42.91118240356445,-0.02950295001941966
2018-12-06,42.111595153808594,41.64517593383789,0.011199837904676114
2018-12-07,41.31200408935547,42.111595153808594,-0.018987432357589276
2018-12-10,41.62613296508789,41.31200408935547,0.007603815952694508
2018-12-11,41.66420364379883,41.62613296508789,0.0009145860064125492
2018-12-12,42.111595153808594,41.66420364379883,0.010738030992615744
2018-12-13,41.92121887207031,42.111595153808594,-0.004520756837705862
2018-12-14,41.51190185546875,41.92121887207031,-0.009763957909970667
2018-12-17,40.702789306640625,41.51190185546875,-0.019491098038466118
2018-12-18,40.8836555480957,40.702789306640625,0.0044435834628554546
2018-12-19,40.00790786743164,40.8836555480957,-0.021420483783154597
2018-12-20,39.30352020263672,40.00790786743164,-0.017606210930322785
2018-12-21,38.018096923828125,39.30352020263672,-0.032705041995764024
2018-12-24,37.215911865234375,38.018096923828125,-0.021100084525561155
2018-12-26,39.30733108520508,37.215911865234375,0.05619690920228194
2018-12-27,39.4887809753418,39.30733108520508,0.004616184440083108
2018-12-28,39.36463165283203,39.4887809753418,-0.0031439137760998215
2018-12-31,39.42193603515625,39.36463165283203,0.0014557327204177222
2019-01-02,39.94718551635742,39.42193603515625,0.013323787059386366
2019-01-03,39.2786865234375,39.94718551635742,-0.01673457051551698
2019-01-04,40.96901321411133,39.2786865234375,0.043034195903297684
2019-01-07,41.43696975708008,40.96901321411133,0.0114222068401581
2019-01-08,42.13410568237305,41.43696975708008,0.016824008352441203
2019-01-09,42.191410064697266,42.13410568237305,0.0013600474341666695
2019-01-10,42.27735137939453,42.191410064697266,0.0020369386698733524
2019-01-11,42.067256927490234,42.27735137939453,-0.0049694326879402
2019-01-14,41.91446304321289,42.067256927490234,-0.0036321332893349545
2019-01-15,42.61159896850586,41.91446304321289,0.016632347754860582
2019-01-16,42.43015670776367,42.61159896850586,-0.004258048633103186
2019-01-17,42.6020393371582,42.43015670776367,0.004050954385541569
2019-01-18,42.94584655761719,42.6020393371582,0.008070205694568946
2019-01-22,42.05770492553711,42.94584655761719,-0.020680501218867015
2019-01-23,41.86671829223633,42.05770492553711,-0.004541061706503525
2019-01-24,42.05770492553711,41.86671829223633,0.0045617770174309884
2019-01-25,42.59249496459961,42.05770492553711,0.012715625829068473
2019-01-28,42.220054626464844,42.59249496459961,-0.008744271460132031
2019-01-29,41.72346496582031,42.220054626464844,-0.01176193789984472
2019-01-30,42.32510757446289,41.72346496582031,0.014419766170797205
2019-01-31,44.05363464355469,42.32510757446289,0.04083928353993633
2019-02-01,43.90083312988281,44.05363464355469,-0.003468533638784122
2019-02-04,44.31148147583008,43.90083312988281,0.009353998925996277
2019-02-05,44.798519134521484,44.31148147583008,0.010991229416625652
2019-02-06,43.7957878112793,44.798519134521484,-0.022383135483366647
2019-02-07,43.37559127807617,43.7957878112793,-0.009594450841112769
2019-02-08,43.671630859375,43.37559127807617,0.006825026992737707
2019-02-11,43.222801208496094,43.671630859375,-0.01027737325231022
2019-02-12,43.71937942504883,43.222801208496094,0.011488802267982679
2019-02-13,43.74802780151367,43.71937942504883,0.0006552786622682432
2019-02-14,43.91038513183594,43.74802780151367,0.0037111919892454694
2019-02-15,44.101383209228516,43.91038513183594,0.004349724485884788
2019-02-19,44.14912414550781,44.101383209228516,0.0010825269595922053
2019-02-20,43.99633026123047,44.14912414550781,-0.003460858787906228
2019-02-21,43.585693359375,43.99633026123047,-0.009333435298291722
2019-02-22,43.99633026123047,43.585693359375,0.00942136903661631
2019-02-25,44.0440788269043,43.99633026123047,0.0010852851906129118
2019-02-26,44.0440788269043,44.0440788269043,0.0
2019-02-27,43.82443618774414,44.0440788269043,-0.004986882346282326
2019-02-28,43.853084564208984,43.82443618774414,0.0006537078159343326
2019-03-01,44.1968879699707,43.853084564208984,0.007839891063040897
2019-03-04,44.254188537597656,44.1968879699707,0.0012964842154924037
2019-03-05,44.5311279296875,44.254188537597656,0.0062579249838591085
2019-03-06,44.51203536987305,44.5311279296875,-0.00042874637814248394
2019-03-07,44.120487213134766,44.51203536987305,-0.00879645591320885
2019-03-08,44.091835021972656,44.120487213134766,-0.0006494078595210878
2019-03-11,44.88447952270508,44.091835021972656,0.01797712661170524
2019-03-12,45.085025787353516,44.88447952270508,0.004468053696534233
2019-03-13,45.218711853027344,45.085025787353516,0.002965198829082792
2019-03-14,45.01816940307617,45.218711853027344,-0.0044349438923202275
2019-03-15,44.9827766418457,45.01816940307617,-0.0007861883701572792
2019-03-18,44.60010528564453,44.9827766418457,-0.008507063920220251
2019-03-19,44.67664337158203,44.60010528564453,0.0017160965304298366
2019-03-20,45.07844161987305,44.67664337158203,0.008993474396659618
2019-03-21,45.67158508300781,45.07844161987305,0.013158029466424045
2019-03-22,44.9349479675293,45.67158508300781,-0.016129002620331272
2019-03-25,44.858402252197266,44.9349479675293,-0.0017034784459379901
2019-03-26,45.07844161987305,44.858402252197266,0.004905198505258917
2019-03-27,44.753170013427734,45.07844161987305,-0.007215679929403659
2019-03-28,44.64793014526367,44.753170013427734,-0.0023515623168702095
2019-03-29,44.74360275268555,44.64793014526367,0.0021428229060249976
2019-04-01,45.4228401184082,44.74360275268555,0.015180658774329206
2019-04-02,45.662010192871094,45.4228401184082,0.005265414356289091
2019-04-03,45.83421325683594,45.662010192871094,0.003771254555756038
2019-04-04,46.09251403808594,45.83421325683594,0.005635545216028678
2019-04-05,46.22644805908203,46.09251403808594,0.002905765150614804
2019-04-08,46.14035415649414,46.22644805908203,-0.001862438197238386
2019-04-09,46.26470184326172,46.14035415649414,0.002694987696579622
2019-04-10,46.46562957763672,46.26470184326172,0.004343002902206412
2019-04-11,46.49431610107422,46.46562957763672,0.0006173708114633281
2019-04-12,46.89612579345703,46.49431610107422,0.008642125018234841
2019-04-15,46.85784912109375,46.89612579345703,-0.0008162011619437789
2019-04-16,46.90568923950195,46.85784912109375,0.001020962748088819
2019-04-17,46.99178695678711,46.90568923950195,0.0018355495608547302
2019-04-18,47.020484924316406,46.99178695678711,0.000610701771262435
2019-04-22,47.23096466064453,47.020484924316406,0.004476341251412243
2019-04-23,47.86235809326172,47.23096466064453,0.013368209545448892
2019-04-24,47.642333984375,47.86235809326172,-0.004597017732765965
2019-04-25,48.178062438964844,47.642333984375,0.011244798686091738
2019-04-26,48.560726165771484,48.178062438964844,0.007942696477082787
2019-04-29,49.00080490112305,48.560726165771484,0.009062441402734963
2019-04-30,47.90062713623047,49.00080490112305,-0.022452238633887487
2019-05-01,47.65188980102539,47.90062713623047,-0.005192778259409079
2019-05-02,47.4605598449707,47.65188980102539,-0.004015159878309179
2019-05-03,47.91977310180664,47.4605598449707,0.009675681414967535
2019-05-06,47.84322738647461,47.91977310180664,-0.001597372240670008
2019-05-07,47.06831741333008,47.84322738647461,-0.016196858269716147
2019-05-08,46.99178695678711,47.06831741333008,-0.001625944175376339
2019-05-09,46.848289489746094,46.99178695678711,-0.0030536712122263745
2019-05-10,46.98222351074219,46.848289489746094,0.00285888817830603
2019-05-13,45.528072357177734,46.98222351074219,-0.030951092666611887
2019-05-14,45.786380767822266,45.528072357177734,0.005673607452958803
2019-05-15,46.81003189086914,45.786380767822266,0.022357109382322618
2019-05-16,47.22139358520508,46.81003189086914,0.008787896049611077
2019-05-17,46.876983642578125,47.22139358520508,-0.0072935150040734946
2019-05-20,46.10208511352539,46.876983642578125,-0.01653046908822218
2019-05-21,46.6091194152832,46.10208511352539,0.010998077429887423
2019-05-22,46.561283111572266,46.6091194152832,-0.001026329274422033
2019-05-23,45.91074752807617,46.561283111572266,-0.013971599148959249
2019-05-24,45.90117263793945,45.91074752807617,-0.00020855443773515862
2019-05-28,46.10208511352539,45.90117263793945,0.00437706629350628
2019-05-29,45.65244674682617,46.10208511352539,-0.009753102611129062
2019-05-30,45.7576904296875,45.65244674682617,0.0023053240376134897
2019-05-31,45.04974365234375,45.7576904296875,-0.015471645764805374
2019-06-03,43.63385772705078,45.04974365234375,-0.0314293891707707
2019-06-04,44.5713996887207,43.63385772705078,0.021486570532788195
2019-06-05,44.590545654296875,44.5713996887207,0.00042955719833534815
2019-06-06,44.78187942504883,44.590545654296875,0.004290904449461825
2019-06-07,45.50895309448242,44.78187942504883,0.016235890024457165
2019-06-10,45.470672607421875,45.50895309448242,-0.0008411638690319172
2019-06-11,45.662010192871094,45.470672607421875,0.004207933916024545
2019-06-12,45.44197082519531,45.662010192871094,-0.0048188716779300825
2019-06-13,45.94900894165039,45.44197082519531,0.01115792531106399
2019-06-14,46.035118103027344,45.94900894165039,0.0018740156395168654
2019-06-17,46.561283111572266,46.035118103027344,0.011429643937642476
2019-06-18,46.81959533691406,46.561283111572266,0.00554779009682395
2019-06-19,46.876983642578125,46.81959533691406,0.0012257326286375595
2019-06-20,47.17355728149414,46.876983642578125,0.0063266365681139795
2019-06-21,47.37302017211914,47.17355728149414,0.004228277495266356
2019-06-24,47.488101959228516,47.37302017211914,0.0024292685307217353
2019-06-25,46.60585021972656,47.488101959228516,-0.018578374437020477
2019-06-26,46.42363739013672,46.60585021972656,-0.003909655734865656
2019-06-27,46.74968338012695,46.42363739013672,0.007023275389866519
2019-06-28,47.20040512084961,46.74968338012695,0.00964117204939736
2019-07-01,47.58399963378906,47.20040512084961,0.008126932638762666
2019-07-02,48.02511978149414,47.58399963378906,0.009270346147864414
2019-07-03,48.274452209472656,48.02511978149414,0.005191708612345672
2019-07-05,48.341575622558594,48.274452209472656,0.0013904541639266123
2019-07-08,47.9100456237793,48.341575622558594,-0.008926684602682321
2019-07-09,48.20731735229492,47.9100456237793,0.006204789092667436
2019-07-10,48.75394058227539,48.20731735229492,0.011339009511477132
2019-07-11,48.7827033996582,48.75394058227539,0.0005899588225955481
2019-07-12,49.137516021728516,48.7827033996582,0.007273328400098435
2019-07-15,49.14710998535156,49.137516021728516,0.00019524722451994607
2019-07-16,49.03203201293945,49.14710998535156,-0.002341500292619621
2019-07-17,48.57173156738281,49.03203201293945,-0.00938774973542129
2019-07-18,48.17855453491211,48.57173156738281,-0.008094770760339369
2019-07-19,47.55522537231445,48.17855453491211,-0.012937896718050497
2019-07-22,47.73743438720703,47.55522537231445,0.0038315245793926144
2019-07-23,47.91963195800781,47.73743438720703,0.003816660303168862
2019-07-24,48.341575622558594,47.91963195800781,0.008805235919185113
2019-07-25,48.21691131591797,48.341575622558594,-0.0025788217499152096
2019-07-26,49.59782791137695,48.21691131591797,0.028639673462516023
2019-07-29,49.31973648071289,49.59782791137695,-0.005606927609026861
2019-07-30,49.089576721191406,49.31973648071289,-0.004666686725130644
2019-07-31,48.69639205932617,49.089576721191406,-0.008009534571837142
2019-08-01,48.466243743896484,48.69639205932617,-0.0047261882389418265
2019-08-02,47.9963493347168,48.466243743896484,-0.009695292493940442
2019-08-05,46.44282150268555,47.9963493347168,-0.0323676249040789
2019-08-06,47.114097595214844,46.44282150268555,0.014453818067243836
2019-08-07,47.1716423034668,47.114097595214844,0.00122139043702702
2019-08-08,48.12101745605469,47.1716423034668,0.020125972008358885
2019-08-09,47.58399963378906,48.12101745605469,-0.011159735405762006
2019-08-12,47.07573318481445,47.58399963378906,-0.010681457063010167
2019-08-13,47.76619338989258,47.07573318481445,0.014667009058944441
2019-08-14,46.06882095336914,47.76619338989258,-0.03553501579388164
2019-08-15,46.145545959472656,46.06882095336914,0.001665443232879276
2019-08-16,46.74010467529297,46.145545959472656,0.012884422612368352
2019-08-19,47.46892166137695,46.74010467529297,0.015592968632550802
2019-08-20,47.1524543762207,47.46892166137695,-0.0066668311408839805
2019-08-21,47.33466339111328,47.1524543762207,0.0038642530341849468
2019-08-22,47.22917175292969,47.33466339111328,-0.0022286339571477545
2019-08-23,45.934574127197266,47.22917175292969,-0.0274109745668389
2019-08-26,46.625022888183594,45.934574127197266,0.015031134479975996
2019-08-27,46.71133804321289,46.625022888183594,0.0018512624698608382
2019-08-28,46.826416015625,46.71133804321289,0.0024635982875431694
2019-08-29,47.55522537231445,46.826416015625,0.015564064447004968
2019-08-30,47.49768829345703,47.55522537231445,-0.0012099002455977976
2019-09-03,47.02779006958008,47.49768829345703,-0.009893075658203838
2019-09-04,47.938812255859375,47.02779006958008,0.019371996535057077
2019-09-05,48.75394058227539,47.938812255859375,0.017003515274127086
2019-09-06,48.64845275878906,48.75394058227539,-0.0021636778940629566
2019-09-09,48.80189895629883,48.64845275878906,0.003154184538418713
2019-09-10,48.86901092529297,48.80189895629883,0.0013751917533831649
2019-09-11,49.12794494628906,48.86901092529297,0.005298532057297647
2019-09-12,49.27177047729492,49.12794494628906,0.002927570676182404
2019-09-13,49.18547439575195,49.27177047729492,-0.0017514304987829717
2019-09-16,49.003265380859375,49.18547439575195,-0.0037045289718363504
2019-09-17,49.05122375488281,49.003265380859375,0.000978677107549857
2019-09-18,48.99367904663086,49.05122375488281,-0.0011731554046340144
2019-09-19,49.04163360595703,48.99367904663086,0.000978790739118204
2019-09-20,48.72346878051758,49.04163360595703,-0.00648764737316593
2019-09-23,48.55044174194336,48.72346878051758,-0.0035512052590846084
2019-09-24,47.81993865966797,48.55044174194336,-0.015046270560382966
2019-09-25,48.367828369140625,47.81993865966797,0.011457348646387002
2019-09-26,47.89682388305664,48.367828369140625,-0.009737970505711025
2019-09-27,47.358551025390625,47.89682388305664,-0.011238174351189663
2019-09-30,47.59885787963867,47.358551025390625,0.005074201998266579
2019-10-01,47.11825942993164,47.59885787963867,-0.01009684835132602
2019-10-02,46.40696334838867,47.11825942993164,-0.015095975321429667
2019-10-03,46.85873031616211,46.40696334838867,0.009734896127158978
2019-10-04,47.493133544921875,46.85873031616211,0.013538634625380635
2019-10-07,47.493133544921875,47.493133544921875,0.0
2019-10-08,46.72416305541992,47.493133544921875,-0.016191192960022617
2019-10-09,47.00292205810547,46.72416305541992,0.005966056628021533
2019-10-10,47.27205276489258,47.00292205810547,0.005725829267686962
2019-10-11,47.829551696777344,47.27205276489258,0.011793414909597538
2019-10-14,47.723812103271484,47.829551696777344,-0.0022107586158492867
2019-10-15,48.540836334228516,47.723812103271484,0.01711984426535415
2019-10-16,48.627342224121094,48.540836334228516,0.001782126070035975
2019-10-17,48.915714263916016,48.627342224121094,0.005930244726636075
2019-10-18,48.34859848022461,48.915714263916016,-0.01159373408372684
2019-10-21,48.63695526123047,48.34859848022461,0.005964118714295351
2019-10-22,48.165977478027344,48.63695526123047,-0.009683537562610364
2019-10-23,48.540836334228516,48.165977478027344,0.0077826481643018105
2019-10-24,47.992950439453125,48.540836334228516,-0.011287112793090661
2019-10-25,48.367828369140625,47.992950439453125,0.007811104052884557
2019-10-28,48.8195915222168,48.367828369140625,0.009340157875775199
2019-10-29,48.37743377685547,48.8195915222168,-0.009056973472629553
2019-10-30,48.51200485229492,48.37743377685547,0.0027816910681987034
2019-10-31,48.65617752075195,48.51200485229492,0.002971896727335749
2019-11-01,48.97338104248047,48.65617752075195,0.006519285687685345
2019-11-04,49.242530822753906,48.97338104248047,0.005495838239960841
2019-11-05,49.261741638183594,49.242530822753906,0.00039012648433598785
2019-11-06,49.08872985839844,49.261741638183594,-0.003512092224750981
2019-11-07,49.39630889892578,49.08872985839844,0.006265777122663137
2019-11-08,49.53087615966797,49.39630889892578,0.002724237169573493
2019-11-11,49.300193786621094,49.53087615966797,-0.004657344891361223
2019-11-12,49.357852935791016,49.300193786621094,0.0011695521810619982
2019-11-13,49.33864212036133,49.357852935791016,-0.00038921497364722483
2019-11-14,49.559715270996094,49.33864212036133,0.004480730339020254
2019-11-15,49.97303771972656,49.559715270996094,0.008339887476560183
2019-11-18,50.14604187011719,49.97303771972656,0.003461949849054956
2019-11-19,50.17488479614258,50.14604187011719,0.0005751785175806384
2019-11-20,49.86730194091797,50.17488479614258,-0.006130215474819709
2019-11-21,50.001869201660156,49.86730194091797,0.0026985069475308843
2019-11-22,50.021095275878906,50.001869201660156,0.0003845071099484349
2019-11-25,50.17488479614258,50.021095275878906,0.003074493259603454
2019-11-26,50.338279724121094,50.17488479614258,0.0032565082838232518
2019-11-27,50.69394302368164,50.338279724121094,0.007065463927447647
2019-11-29,50.52091979980469,50.69394302368164,-0.003413094613613414
2019-12-02,50.040313720703125,50.52091979980469,-0.009513011263572057
2019-12-03,49.94419479370117,50.040313720703125,-0.001920829824098124
2019-12-04,50.20371627807617,49.94419479370117,0.005196229220372378
2019-12-05,50.415199279785156,50.20371627807617,0.004212496950177739
2019-12-06,50.713157653808594,50.415199279785156,0.005910090176771533
2019-12-09,50.52091979980469,50.713157653808594,-0.003790689889913985
2019-12-10,50.34790802001953,50.52091979980469,-0.0034245572026545944
2019-12-11,50.578590393066406,50.34790802001953,0.004581766792676871
2019-12-12,50.636260986328125,50.578590393066406,0.0011402174875483394
2019-12-13,50.52091979980469,50.636260986328125,-0.0022778377446664123
2019-12-16,51.02074432373047,50.52091979980469,0.009893416943048483
2019-12-17,50.972686767578125,51.02074432373047,-0.0009419218945026543
2019-12-18,51.3187255859375,50.972686767578125,0.006788710588029621
2019-12-19,51.78971481323242,51.3187255859375,0.009177726491009817
2019-12-20,51.95058059692383,51.78971481323242,0.003106133800341078
2019-12-23,51.815731048583984,51.95058059692383,-0.0025957274546384696
2019-12-24,51.80608367919922,51.815731048583984,-0.000186186109691668
2019-12-26,52.20103454589844,51.80608367919922,0.007623638743760057
2019-12-27,52.104705810546875,52.20103454589844,-0.001845341499254468
2019-12-30,51.565269470214844,52.104705810546875,-0.010352929393621875
2019-12-31,51.661598205566406,51.565269470214844,0.001868093318259569
2020-01-02,52.268470764160156,51.661598205566406,0.011747072867915284
2020-01-03,51.93131637573242,52.268470764160156,-0.006450435291076412
2020-01-06,52.624881744384766,51.93131637573242,0.013355435930687247
2020-01-07,52.692325592041016,52.624881744384766,0.0012815961845547797
2020-01-08,53.0680046081543,52.692325592041016,0.007129672336383388
2020-01-09,53.34737014770508,53.0680046081543,0.005264293270748956
2020-01-10,53.13544464111328,53.34737014770508,-0.003972557710061994
2020-01-13,53.6363525390625,53.13544464111328,0.009427001153983828
2020-01-14,53.50149917602539,53.6363525390625,-0.002514215763253063
2020-01-15,53.7615852355957,53.50149917602539,0.004861285451359089
2020-01-16,54.17579650878906,53.7615852355957,0.007704595602569935
2020-01-17,54.599647521972656,54.17579650878906,0.00782362310288934
2020-01-21,54.551483154296875,54.599647521972656,-0.0008821369708732709
2020-01-22,54.522579193115234,54.551483154296875,-0.0005298473938808745
2020-01-23,54.30103302001953,54.522579193115234,-0.004063383947978723
2020-01-24,53.64598846435547,54.30103302001953,-0.012063206153418164
2020-01-27,52.80791473388672,53.64598846435547,-0.015622300091004933
2020-01-28,53.414794921875,52.80791473388672,0.01149222026748289
2020-01-29,53.328094482421875,53.414794921875,-0.001623154026518943
2020-01-30,52.78865432739258,53.328094482421875,-0.010115496536391495
2020-01-31,51.93131637573242,52.78865432739258,-0.016240951063896978
2020-02-03,52.54782485961914,51.93131637573242,0.011871612870857516
2020-02-04,53.096900939941406,52.54782485961914,0.010449073425762446
2020-02-05,53.18359375,53.096900939941406,0.001632728248239066
2020-02-06,53.8482780456543,53.18359375,0.012497919918288651
2020-02-07,53.80973815917969,53.8482780456543,-0.0007157125143711007
2020-02-10,54.12763595581055,53.80973815917969,0.005907811624922905
2020-02-11,54.06983947753906,54.12763595581055,-0.0010677813144965179
2020-02-12,54.773040771484375,54.06983947753906,0.013005425959095488
2020-02-13,54.78266525268555,54.773040771484375,0.00017571566350178821
2020-02-14,54.8501091003418,54.78266525268555,0.0012311165830498504
2020-02-18,55.216156005859375,54.8501091003418,0.006673585732490313
2020-02-19,55.46662139892578,55.216156005859375,0.004536088912814351
2020-02-20,54.89827346801758,55.46662139892578,-0.010246665770762275
2020-02-21,54.06019592285156,54.89827346801758,-0.015266009151531142
2020-02-24,52.24921417236328,54.06019592285156,-0.033499356034016305
2020-02-25,50.85243225097656,52.24921417236328,-0.026733070410952384
2020-02-26,50.75609588623047,50.85243225097656,-0.0018944298331815528
2020-02-27,48.75244140625,50.75609588623047,-0.03947613473801551
2020-02-28,48.896934509277344,48.75244140625,0.0029638126596224145
2020-03-02,50.59232711791992,48.896934509277344,0.034672779094585306
2020-03-03,48.92583084106445,50.59232711791992,-0.03293970393912147
2020-03-04,50.688663482666016,48.92583084106445,0.03603071447735091
2020-03-05,48.839134216308594,50.688663482666016,-0.036488025907211084
2020-03-06,47.991432189941406,48.839134216308594,-0.01735702403348745
2020-03-09,44.79329299926758,47.991432189941406,-0.06663979474536563
2020-03-10,47.07630157470703,44.79329299926758,0.05096764320222635
2020-03-11,45.053375244140625,47.07630157470703,-0.042971224648056805
2020-03-12,40.82450485229492,45.053375244140625,-0.0938635644705817
2020-03-13,44.49467086791992,40.82450485229492,0.08990105400919968
2020-03-16,39.47589111328125,44.49467086791992,-0.11279507538187335
2020-03-17,41.1905632019043,39.47589111328125,0.04343593115358866
2020-03-18,39.82267379760742,41.1905632019043,-0.033208805560435636
2020-03-19,40.535518646240234,39.82267379760742,0.017900476805142118
2020-03-20,38.74379348754883,40.535518646240234,-0.044201362620472924
2020-03-23,38.94955062866211,38.74379348754883,0.005310712312654822
2020-03-24,41.345252990722656,38.94955062866211,0.06150783060119833
2020-03-25,40.70768356323242,41.345252990722656,-0.015420619814160933
2020-03-26,43.0261116027832,40.70768356323242,0.056953081988797026
2020-03-27,41.30661392211914,43.0261116027832,-0.03996405012236417
2020-03-30,42.8135871887207,41.30661392211914,0.036482614368799626
2020-03-31,42.73631286621094,42.8135871887207,-0.001804901845041465
2020-04-01,41.036136627197266,42.73631286621094,-0.0397829416013542
2020-04-02,41.55778121948242,41.036136627197266,0.012711834864577118
2020-04-03,40.717350006103516,41.55778121948242,-0.02022319740652827
2020-04-06,43.40285110473633,40.717350006103516,0.06595471213697003
2020-04-07,43.721641540527344,43.40285110473633,0.007344919231728251
2020-04-08,44.65867233276367,43.721641540527344,0.021431738590321606
2020-04-09,44.98711395263672,44.65867233276367,0.007354486882765811
2020-04-13,45.05474090576172,44.98711395263672,0.0015032516465981554
2020-04-14,46.38782501220703,45.05474090576172,0.02958809838089279
2020-04-15,45.953128814697266,46.38782501220703,-0.009370911384514678
2020-04-16,46.13666534423828,45.953128814697266,0.003993994190931235
2020-04-17,46.76457214355469,46.13666534423828,0.013609713546296028
2020-04-20,46.33952713012695,46.76457214355469,-0.009089038858795933
2020-04-21,44.88085174560547,46.33952713012695,-0.03147799459466535
2020-04-22,46.0883674621582,44.88085174560547,0.026904919795132206
2020-04-23,46.41680908203125,46.0883674621582,0.007126345278832464
2020-04-24,47.006080627441406,46.41680908203125,0.012695218759410013
2020-04-27,47.39247512817383,47.006080627441406,0.0082200961146897
2020-04-28,46.5327262878418,47.39247512817383,-0.01814104112534373
2020-04-29,48.783531188964844,46.5327262878418,0.04837036384242854
2020-04-30,48.571014404296875,48.783531188964844,-0.004356322297473239
2020-05-01,47.89480972290039,48.571014404296875,-0.013921979799883763
2020-05-04,48.17494583129883,47.89480972290039,0.005848986769530758
2020-05-05,48.426109313964844,48.17494583129883,0.005213570629545721
2020-05-06,48.29086685180664,48.426109313964844,-0.002792759196931864
2020-05-07,49.19891357421875,48.29086685180664,0.01880369481042227
2020-05-08,50.09730911254883,49.19891357421875,0.018260475141891264
2020-05-11,50.12628936767578,50.09730911254883,0.0005784792764386997
2020-05-12,49.15061569213867,50.12628936767578,-0.01946431080067694
2020-05-13,48.310184478759766,49.15061569213867,-0.017099098384505646
2020-05-14,48.83183288574219,48.310184478759766,0.010797897226241637
2020-05-15,49.5080451965332,48.83183288574219,0.013847776559467515
2020-05-18,50.551326751708984,49.5080451965332,0.02107297008060494
2020-05-19,50.54167556762695,50.551326751708984,-0.00019091851197960838
2020-05-20,51.94239807128906,50.54167556762695,0.027714207887466688
2020-05-21,51.5753059387207,51.94239807128906,-0.007067292735782793
2020-05-22,51.88442611694336,51.5753059387207,0.005993569453372472
2020-05-26,52.029335021972656,51.88442611694336,0.0027929171790911545
2020-05-27,52.396419525146484,52.029335021972656,0.0070553372058052176
2020-05-28,51.90374755859375,52.396419525146484,-0.009402779255103253
2020-05-29,52.18388366699219,51.90374755859375,0.00539722315969948
2020-06-01,52.78281021118164,52.18388366699219,0.011477232089728336
2020-06-02,52.99533462524414,52.78281021118164,0.004026394449484584
2020-06-03,53.15955352783203,52.99533462524414,0.0030987426298779426
2020-06-04,52.76349639892578,53.15955352783203,-0.007450347164764876
2020-06-05,53.62323760986328,52.76349639892578,0.016294242603585377
2020-06-08,54.62789535522461,53.62323760986328,0.018735492113899042
2020-06-09,54.49265670776367,54.62789535522461,-0.0024756334942346134
2020-06-10,54.32843780517578,54.49265670776367,-0.0030135969231335725
2020-06-11,51.82646942138672,54.32843780517578,-0.04605264728504128
2020-06-12,52.280487060546875,51.82646942138672,0.008760342817656825
2020-06-15,53.12092590332031,52.280487060546875,0.016075574081781445
2020-06-16,53.55562210083008,53.12092590332031,0.008183144215161262
2020-06-17,53.62323760986328,53.55562210083008,0.0012625286829065726
2020-06-18,53.7971305847168,53.62323760986328,0.003242866014892214
2020-06-19,53.65224075317383,53.7971305847168,-0.002693263190214283
2020-06-22,53.77031326293945,53.65224075317383,0.0022007004387536292
2020-06-23,54.11878204345703,53.77031326293945,0.006480690912354347
2020-06-24,52.89915084838867,54.11878204345703,-0.022536190745922616
2020-06-25,53.1314582824707,52.89915084838867,0.004391515371349433
2020-06-26,50.788997650146484,53.1314582824707,-0.044088016930961045
2020-06-29,51.72791290283203,50.788997650146484,0.018486587570661357
2020-06-30,52.30869674682617,51.72791290283203,0.011227668224022692
2020-07-01,53.60576629638672,52.30869674682617,0.024796441705255187
2020-07-02,53.431522369384766,53.60576629638672,-0.0032504698475637308
2020-07-06,54.5059700012207,53.431522369384766,0.020108871770638064
2020-07-07,54.351097106933594,54.5059700012207,-0.0028413932324044665
2020-07-08,54.83507537841797,54.351097106933594,0.008904664252354783
2020-07-09,54.90283966064453,54.83507537841797,0.0012357835155494875
2020-07-10,55.851436614990234,54.90283966064453,0.017277739370294844
2020-07-13,54.72860336303711,55.851436614990234,-0.020103927848684245
2020-07-14,55.270660400390625,54.72860336303711,0.00990445587945723
2020-07-15,55.599761962890625,55.270660400390625,0.005954362768889117
2020-07-16,55.69656753540039,55.599761962890625,0.0017411148733762081
2020-07-17,55.57072448730469,55.69656753540039,-0.0022594399199864167
2020-07-20,56.238616943359375,55.57072448730469,0.012018782591313339
2020-07-21,55.96759796142578,56.238616943359375,-0.0048190904517895605
2020-07-22,56.02566909790039,55.96759796142578,0.0010375849346729764
2020-07-23,55.11578369140625,56.02566909790039,-0.016240509415500034
2020-07-24,55.02865982055664,55.11578369140625,-0.0015807426659741732
2020-07-27,55.40617370605469,55.02865982055664,0.006860314002359582
2020-07-28,54.83507537841797,55.40617370605469,-0.010307485419703511
2020-07-29,55.338417053222656,54.83507537841797,0.009179191809824577
2020-07-30,55.49329376220703,55.338417053222656,0.002798719537557782
2020-07-31,56.26765823364258,55.49329376220703,0.013954199128164159
2020-08-03,56.31605911254883,56.26765823364258,0.0008601900350157276
2020-08-04,56.67420959472656,56.31605911254883,0.006359651009349982
2020-08-05,56.58708953857422,56.67420959472656,-0.0015372081370932807
2020-08-06,58.07775115966797,56.58708953857422,0.026342786548115317
2020-08-07,58.00999450683594,58.07775115966797,-0.0011666542088682797
2020-08-10,57.816402435302734,58.00999450683594,-0.003337219270213689
2020-08-11,56.95492172241211,57.816402435302734,-0.014900282214110995
2020-08-12,57.63249206542969,56.95492172241211,0.011896607396283192
2020-08-13,57.922882080078125,57.63249206542969,0.005038651015103774
2020-08-14,57.9131965637207,57.922882080078125,-0.0001672139922877403
2020-08-17,57.98094940185547,57.9131965637207,0.0011699032717045511
2020-08-18,58.5036506652832,57.98094940185547,0.009015051819951868
2020-08-19,58.339107513427734,58.5036506652832,-0.0028125279360234987
2020-08-20,59.065067291259766,58.339107513427734,0.012443793002231638
2020-08-21,58.8037223815918,59.065067291259766,-0.004424695029622723
2020-08-24,59.52001953125,58.8037223815918,0.012181153176153968
2020-08-25,60.08143615722656,59.52001953125,0.009432399894993315
2020-08-26,62.133514404296875,60.08143615722656,0.034154946657737134
2020-08-27,61.37850570678711,62.133514404296875,-0.01215139212304966
2020-08-28,61.5236930847168,61.37850570678711,0.0023654433462956233
2020-08-31,61.233306884765625,61.5236930847168,-0.004719908467642154
2020-09-01,61.73664474487305,61.233306884765625,0.008220001265890287
2020-09-02,63.05307388305664,61.73664474487305,0.021323302288677057
2020-09-03,60.913883209228516,63.05307388305664,-0.033926826117877174
2020-09-04,59.800724029541016,60.913883209228516,-0.01827430991165008
2020-09-08,58.22294235229492,59.800724029541016,-0.026383989539435743
2020-09-09,58.91987609863281,58.22294235229492,0.01197008804743823
2020-09-10,58.0487060546875,58.91987609863281,-0.014785673386124572
2020-09-11,57.86479568481445,58.0487060546875,-0.0031682079131925096
2020-09-14,58.08742904663086,57.86479568481445,0.003847475121645202
2020-09-15,59.1231575012207,58.08742904663086,0.017830509485251823
2020-09-16,58.48429489135742,59.1231575012207,-0.010805624003590992
2020-09-17,57.40985107421875,58.48429489135742,-0.01837149305013591
2020-09-18,56.858116149902344,57.40985107421875,-0.009610457334284497
2020-09-21,56.19269561767578,56.858116149902344,-0.011703175857466488
2020-09-22,57.279109954833984,56.19269561767578,0.019333728791904838
2020-09-23,55.91138458251953,57.279109954833984,-0.023878258118761604
2020-09-24,56.01808547973633,55.91138458251953,0.0019083930404069527
2020-09-25,56.76499557495117,56.01808547973633,0.013333374191894275
2020-09-28,57.5216064453125,56.76499557495117,0.013328828139558591
2020-09-29,57.579811096191406,57.5216064453125,0.001011874571588037
2020-09-30,57.61860275268555,57.579811096191406,0.0006737023924815634
2020-10-01,58.443119049072266,57.61860275268555,0.014309897446242548
2020-10-02,57.28880310058594,58.443119049072266,-0.019751101023836475
2020-10-05,58.22971725463867,57.28880310058594,0.016424049781607514
2020-10-06,57.00749969482422,58.22971725463867,-0.020989584312588936
2020-10-07,57.42460250854492,57.00749969482422,0.007316630547797422
2020-10-08,58.1715087890625,57.42460250854492,0.013006729657491955
2020-10-09,58.520713806152344,58.1715087890625,0.006003024923353919
2020-10-12,60.06303024291992,58.520713806152344,0.026355051680955963
2020-10-13,60.121238708496094,60.06303024291992,0.0009691230252744923
2020-10-14,59.40342330932617,60.121238708496094,-0.011939464565098574
2020-10-15,58.947532653808594,59.40342330932617,-0.007674484568737044
2020-10-16,58.95722198486328,58.947532653808594,0.00016437212243626407
2020-10-19,57.89990997314453,58.95722198486328,-0.017933545308328892
2020-10-20,58.317012786865234,57.89990997314453,0.007203859451839669
2020-10-21,59.29672622680664,58.317012786865234,0.01679978779986597
2020-10-22,59.684730529785156,59.29672622680664,0.0065434354924489594
2020-10-23,60.24734115600586,59.684730529785156,0.009426374572302661
2020-10-26,58.92811965942383,60.24734115600586,-0.021896758782532968
2020-10-27,59.306427001953125,58.92811965942383,0.0064198101808734314
2020-10-28,56.9784049987793,59.306427001953125,-0.039254126759266074
2020-10-29,58.41401290893555,56.9784049987793,0.025195649302345448
2020-10-30,57.42460250854492,58.41401290893555,-0.016937894712576333
2020-11-02,57.3955078125,57.42460250854492,-0.0005066590759699645
2020-11-03,58.24911117553711,57.3955078125,0.014872302651727834
2020-11-04,60.76144027709961,58.24911117553711,0.0431307714548888
2020-11-05,61.935150146484375,60.76144027709961,0.019316689400911476
2020-11-06,61.78964614868164,61.935150146484375,-0.0023492959564738155
2020-11-09,61.26585006713867,61.78964614868164,-0.008477084984150611
2020-11-10,61.07183837890625,61.26585006713867,-0.003166718294446459
2020-11-11,61.62474060058594,61.07183837890625,0.00905330896131425
2020-11-12,61.27554702758789,61.62474060058594,-0.005666450999953202
2020-11-13,62.18735885620117,61.27554702758789,0.014880517153159958
2020-11-16,62.585060119628906,62.18735885620117,0.006395210710706627
2020-11-17,62.36195755004883,62.585060119628906,-0.0035647895704442284
2020-11-18,61.731449127197266,62.36195755004883,-0.01011046554055885
2020-11-19,62.10974884033203,61.731449127197266,0.006128152157181366
2020-11-20,61.96425247192383,62.10974884033203,-0.0023425689384485573
2020-11-23,61.99335479736328,61.96425247192383,0.0004696631408994963
2020-11-24,63.264068603515625,61.99335479736328,0.020497580915017525
2020-11-25,63.254356384277344,63.264068603515625,-0.00015351872639031528
2020-11-27,63.66176223754883,63.254356384277344,0.006440755650036939
2020-11-30,63.43865966796875,63.66176223754883,-0.0035044988033411414
2020-12-01,64.60266876220703,63.43865966796875,0.018348576409567635
2020-12-02,65.20408630371094,64.60266876220703,0.009309484469095792
2020-12-03,64.9130859375,65.20408630371094,-0.004462916094790457
2020-12-04,64.97129821777344,64.9130859375,0.0008967726527357795
2020-12-07,65.37870788574219,64.97129821777344,0.006270609933068872
2020-12-08,65.28169250488281,65.37870788574219,-0.0014838987186611583
2020-12-09,64.50568389892578,65.28169250488281,-0.011887078538887283
2020-12-10,64.54447937011719,64.50568389892578,0.0006014271742656823
2020-12-11,64.93247985839844,64.54447937011719,0.006011365992377754
2020-12-14,64.7287826538086,64.93247985839844,-0.0031370618376821064
2020-12-15,65.26228332519531,64.7287826538086,0.008242093385875348
2020-12-16,65.20408630371094,65.26228332519531,-0.0008917405049159124
2020-12-17,65.03919219970703,65.20408630371094,-0.0025288921807117126
2020-12-18,65.09739685058594,65.03919219970703,0.0008949165712296229
2020-12-21,64.54068756103516,65.09739685058594,-0.008551943956047305
2020-12-22,63.93832015991211,64.54068756103516,-0.00933314198974712
2020-12-23,64.3075180053711,63.93832015991211,0.0057742812844567525
2020-12-24,64.37551879882812,64.3075180053711,0.0010574314724967567
2020-12-28,65.53166961669922,64.37551879882812,0.017959479619636714
2020-12-29,65.47338104248047,65.53166961669922,-0.0008894718318590881
2020-12-30,65.03618621826172,65.47338104248047,-0.0066774438291966175
2020-12-31,65.56082916259766,65.03618621826172,0.008066938958801083
2021-01-04,64.58926391601562,65.56082916259766,-0.014819294676283741
2021-01-05,64.82244110107422,64.58926391601562,0.003610153931492241
2021-01-06,64.51153564453125,64.82244110107422,-0.0047962627025753355
2021-01-07,65.36651611328125,64.51153564453125,0.013253140856250538
2021-01-08,65.5705337524414,65.36651611328125,0.003121133743866513
2021-01-11,64.4046630859375,65.5705337524414,-0.017780405309885054
2021-01-12,63.36508560180664,64.4046630859375,-0.016141338752812248
2021-01-13,63.58856964111328,63.36508560180664,0.0035269271268887664
2021-01-14,63.22908020019531,63.58856964111328,-0.0056533657376929
2021-01-15,63.4331169128418,63.22908020019531,0.0032269441845502937
2021-01-19,64.57957458496094,63.4331169128418,0.018073487917902465
2021-01-20,66.61009979248047,64.57957458496094,0.031442220246405785
2021-01-21,66.85299682617188,66.61009979248047,0.0036465496140695858
2021-01-22,66.88213348388672,66.85299682617188,0.00043583173676721724
2021-01-25,67.27075958251953,66.88213348388672,0.005810611569776561
2021-01-26,68.18402862548828,67.27075958251953,0.013576018000041509
2021-01-27,65.97859954833984,68.18402862548828,-0.03234524450384284
2021-01-28,66.21176147460938,65.97859954833984,0.003533902323869469
2021-01-29,64.9778823852539,66.21176147460938,-0.018635346075615764
2021-02-01,66.19232177734375,64.9778823852539,0.018690042634652692
2021-02-02,67.20276641845703,66.19232177734375,0.015265284763876273
2021-02-03,68.10628509521484,67.20276641845703,0.013444664928401875
2021-02-04,68.51437377929688,68.10628509521484,0.005991938681011741
2021-02-05,69.3790512084961,68.51437377929688,0.012620379950995042
2021-02-08,69.65108489990234,69.3790512084961,0.003920977394008193
2021-02-09,69.88426971435547,69.65108489990234,0.0033478992436118096
2021-02-10,70.544921875,69.88426971435547,0.009453517413072739
2021-02-11,70.62265014648438,70.544921875,0.0011018266009579446
2021-02-12,70.923828125,70.62265014648438,0.004264608845617184
2021-02-16,71.26387786865234,70.923828125,0.004794576838873131
2021-02-17,71.46788787841797,71.26387786865234,0.002862740786315885
2021-02-18,71.11814880371094,71.46788787841797,-0.00489365343078295
2021-02-19,70.41862487792969,71.11814880371094,-0.009836081753364605
2021-02-22,70.13687133789062,70.41862487792969,-0.004001122437813587
2021-02-23,70.68094635009766,70.13687133789062,0.0077573322252414345
2021-02-24,70.8072280883789,70.68094635009766,0.0017866447013279913
2021-02-25,69.262451171875,70.8072280883789,-0.021816655703225298
2021-02-26,69.53450012207031,69.262451171875,0.003927798476554376
2021-03-01,71.31246948242188,69.53450012207031,0.025569600086723474
2021-03-02,70.7878189086914,71.31246948242188,-0.007357066408418126
2021-03-03,69.77738952636719,70.7878189086914,-0.014274057286996832
2021-03-04,69.65108489990234,69.77738952636719,-0.0018101082216197882
2021-03-05,71.28330993652344,69.65108489990234,0.023434308869227424
2021-03-08,70.3311767578125,71.28330993652344,-0.01335702816772672
2021-03-09,71.11814880371094,70.3311767578125,0.011189519103432596
2021-03-10,71.41931915283203,71.11814880371094,0.004234788927821174
2021-03-11,72.76979064941406,71.41931915283203,0.018909050276608247
2021-03-12,72.5657730102539,72.76979064941406,-0.0028036034917711967
2021-03-15,73.0806884765625,72.5657730102539,0.007095844844591315
2021-03-16,73.84823608398438,73.0806884765625,0.010502741879176918
2021-03-17,73.8579330444336,73.84823608398438,0.00013130930355859577
2021-03-18,72.63378143310547,73.8579330444336,-0.016574409286429184
2021-03-19,73.2652816772461,72.63378143310547,0.00869430493195823
2021-03-22,73.88137817382812,73.2652816772461,0.008409119332893681
2021-03-23,73.33633422851562,73.88137817382812,-0.007377284490147442
2021-03-24,71.48711395263672,73.33633422851562,-0.025215608270202677
2021-03-25,71.13673400878906,71.48711395263672,-0.004901302129497045
2021-03-26,70.35811614990234,71.13673400878906,-0.010945369783078869
2021-03-29,71.0783462524414,70.35811614990234,0.010236631421520261
2021-03-30,71.0783462524414,71.0783462524414,0.0
2021-03-31,71.360595703125,71.0783462524414,0.003970962544361378
2021-04-01,72.5869140625,71.360595703125,0.017184811131296336
2021-04-05,74.11495208740234,72.5869140625,0.021051150123101346
2021-04-06,74.29986572265625,74.11495208740234,0.0024949572258488564
2021-04-07,74.87410736083984,74.29986572265625,0.0077287035797224905
2021-04-08,74.88385009765625,74.87410736083984,0.0001301215755328234
2021-04-09,74.86439514160156,74.88385009765625,-0.0002598017600499471
2021-04-12,74.56266784667969,74.86439514160156,-0.004030317674392155
2021-04-13,74.65998840332031,74.56266784667969,0.0013052182741199855
2021-04-14,73.89109802246094,74.65998840332031,-0.010298560143162045
2021-04-15,74.83518981933594,73.89109802246094,0.012776800211955453
2021-04-16,74.78651428222656,74.83518981933594,-0.0006504364754988328
2021-04-19,74.36801147460938,74.78651428222656,-0.005595966219763328
2021-04-20,73.96896362304688,74.36801147460938,-0.005365853458361494
2021-04-21,74.09548950195312,73.96896362304688,0.001710526587218909
2021-04-22,73.55046081542969,74.09548950195312,-0.007355760656781555
2021-04-23,74.40693664550781,73.55046081542969,0.01164473778386512
2021-04-26,74.56266784667969,74.40693664550781,0.0020929661694556135
2021-04-27,74.26095581054688,74.56266784667969,-0.004046422222354104
2021-04-28,74.94225311279297,74.26095581054688,0.009174367536881781
2021-04-29,77.01531982421875,74.94225311279297,0.027662188222519556
2021-04-30,75.96417999267578,77.01531982421875,-0.013648451164548957
2021-05-03,75.56513977050781,75.96417999267578,-0.005253005063787207
2021-05-04,74.88385009765625,75.56513977050781,-0.00901592553021998
2021-05-05,74.73784637451172,74.88385009765625,-0.0019497357968924858
2021-05-06,75.61380004882812,74.73784637451172,0.011720349418780387
2021-05-07,76.18804168701172,75.61380004882812,0.007594402580121265
2021-05-10,74.72811889648438,76.18804168701172,-0.019162098909496272
2021-05-11,74.51400756835938,74.72811889648438,-0.002865204307117558
2021-05-12,73.05409240722656,74.51400756835938,-0.01959249285838615
2021-05-13,73.57964324951172,73.05409240722656,0.007193995914090206
2021-05-14,75.02983093261719,73.57964324951172,0.019709088262195296
2021-05-17,74.43614196777344,75.02983093261719,-0.00791270561940797
2021-05-18,73.67698669433594,74.43614196777344,-0.010198745573973602
2021-05-19,73.79377746582031,73.67698669433594,0.0015851730197504606
2021-05-20,75.05902862548828,73.79377746582031,0.017145770322626538
2021-05-21,74.80599212646484,75.05902862548828,-0.00337116671581215
2021-05-24,76.1685562133789,74.80599212646484,0.018214638268690443
2021-05-25,76.14911651611328,76.1685562133789,-0.000255219453171287
2021-05-26,76.64546966552734,76.14911651611328,0.006518173448657586
2021-05-27,76.93746185302734,76.64546966552734,0.003809647051211543
2021-05-28,76.68440246582031,76.93746185302734,-0.0032891569478916186
2021-06-01,76.73306274414062,76.68440246582031,0.0006345524872805954
2021-06-02,76.49948120117188,76.73306274414062,-0.00304407949605252
2021-06-03,75.983642578125,76.49948120117188,-0.0067430342656882355
2021-06-04,77.0737075805664,75.983642578125,0.014346048247431955
2021-06-07,77.4727554321289,77.0737075805664,0.005177483529585867
2021-06-08,77.2489013671875,77.4727554321289,-0.002889455314875392
2021-06-09,77.17103576660156,77.2489013671875,-0.0010079832749441788
2021-06-10,77.58956146240234,77.17103576660156,0.005423352060047284
2021-06-11,77.67715454101562,77.58956146240234,0.0011289286466160313
2021-06-14,78.19297790527344,77.67715454101562,0.006640605816546021
2021-06-15,77.74526977539062,78.19297790527344,-0.005725682048139754
2021-06-16,77.0639877319336,77.74526977539062,-0.008763003143796194
2021-06-17,77.38517761230469,77.0639877319336,0.004167833638305221
2021-06-18,76.48001861572266,77.38517761230469,-0.011696800660157764
2021-06-21,77.22201538085938,76.48001861572266,0.0097018381868461
2021-06-22,77.8850326538086,77.22201538085938,0.008585858186674022
2021-06-23,77.80703735351562,77.8850326538086,-0.0010014157744486067
2021-06-24,78.53829193115234,77.80703735351562,0.00939830897704368
2021-06-25,78.63580322265625,78.53829193115234,0.0012415764222296287
2021-06-28,79.52306365966797,78.63580322265625,0.011283161113004116
2021-06-29,79.09405517578125,79.52306365966797,-0.005394768060279105
2021-06-30,78.94782257080078,79.09405517578125,-0.0018488444505149794
2021-07-01,79.5328140258789,78.94782257080078,0.007409849138695394
2021-07-02,80.08859252929688,79.5328140258789,0.006988040222456179
2021-07-06,79.89358520507812,80.08859252929688,-0.0024348951337534765
2021-07-07,79.77656555175781,79.89358520507812,-0.0014646939803732153
2021-07-08,78.89904022216797,79.77656555175781,-0.010999788265145593
2021-07-09,79.60107421875,78.89904022216797,0.008897877523037135
2021-07-12,80.16658782958984,79.60107421875,0.007104346472583623
2021-07-13,79.96183013916016,80.16658782958984,-0.0025541524963609654
2021-07-14,79.9033432006836,79.96183013916016,-0.0007314357159506704
2021-07-15,79.33781433105469,79.9033432006836,-0.007077662172514303
2021-07-16,78.8405532836914,79.33781433105469,-0.0062676423790596104
2021-07-19,77.64126586914062,78.8405532836914,-0.015211555025944502
2021-07-20,78.518798828125,77.64126586914062,0.011302404065170711
2021-07-21,79.17206573486328,78.518798828125,0.00831987901608455
2021-07-22,79.44507598876953,79.17206573486328,0.003448315404836411
2021-07-23,81.41462707519531,79.44507598876953,0.02479135505772818
2021-07-26,81.83387756347656,81.41462707519531,0.00514957205286989
2021-07-27,80.85885620117188,81.83387756347656,-0.011914642093653536
2021-07-28,81.49261474609375,80.85885620117188,0.00783783712380401
2021-07-29,80.61509704589844,81.49261474609375,-0.010768064111446065
2021-07-30,80.34208679199219,80.61509704589844,-0.003386589657651976
2021-08-02,80.1568374633789,80.34208679199219,-0.0023057569949968652
2021-08-03,79.79608917236328,80.1568374633789,-0.004500530490370698
2021-08-04,80.02033233642578,79.79608917236328,0.002810202434584536
2021-08-05,80.7516098022461,80.02033233642578,0.009138645697518932
2021-08-06,80.7516098022461,80.7516098022461,0.0
2021-08-09,80.60533905029297,80.7516098022461,-0.0018113663902345697
2021-08-10,80.76136016845703,80.60533905029297,0.0019356176650620444
2021-08-11,80.91735076904297,80.76136016845703,0.0019315004138187207
2021-08-12,81.0636215209961,80.91735076904297,0.0018076562141859528
2021-08-13,81.11235046386719,81.0636215209961,0.0006011197372729342
2021-08-16,81.24886322021484,81.11235046386719,0.001683008266521238
2021-08-17,80.57609558105469,81.24886322021484,-0.008280332948618666
2021-08-18,79.96183013916016,80.57609558105469,-0.007623420289415951
2021-08-19,79.9715805053711,79.96183013916016,0.00012193775697690539
2021-08-20,80.6638412475586,79.9715805053711,0.008656334385450916
2021-08-23,81.63888549804688,80.6638412475586,0.012087748803033755
2021-08-24,81.90213775634766,81.63888549804688,0.003224593974976291
2021-08-25,82.02888488769531,81.90213775634766,0.001547543627307005
2021-08-26,81.31712341308594,82.02888488769531,-0.008676961482334405
2021-08-27,82.6041488647461,81.31712341308594,0.015827237826922958
2021-08-30,83.16967010498047,82.6041488647461,0.006846160247475522
2021-08-31,83.48167419433594,83.16967010498047,0.003751416699881619
2021-09-01,83.90093231201172,83.48167419433594,0.005022157518065528
2021-09-02,83.33541107177734,83.90093231201172,-0.006740345126694282
2021-09-03,83.33541107177734,83.33541107177734,0.0
2021-09-07,83.53042602539062,83.33541107177734,0.0023401210974445612
2021-09-08,83.10140228271484,83.53042602539062,-0.005136137370416039
2021-09-09,82.69190216064453,83.10140228271484,-0.004927716149448045
2021-09-10,82.15564727783203,82.69190216064453,-0.006484974571884007
2021-09-13,82.36038970947266,82.15564727783203,0.002492128519762395
2021-09-14,81.64862060546875,82.36038970947266,-0.008642128898547968
2021-09-15,82.04837799072266,81.64862060546875,0.004896070286178612
2021-09-16,81.97038269042969,82.04837799072266,-0.0009506013671810527
2021-09-17,81.0636215209961,81.97038269042969,-0.011062058510304614
2021-09-20,79.43448638916016,81.0636215209961,-0.020096994203669758
2021-09-21,79.10240936279297,79.43448638916016,-0.0041805145530909305
2021-09-22,79.06333923339844,79.10240936279297,-0.0004939183232123962
2021-09-23,79.87400817871094,79.06333923339844,0.010253411418905161
2021-09-24,80.52837371826172,79.87400817871094,0.008192471549527063
2021-09-27,80.51862335205078,80.52837371826172,-0.0001210798847751519
2021-09-28,78.55546569824219,80.51862335205078,-0.024381411058471514
2021-09-29,78.48709106445312,78.55546569824219,-0.0008703994455549704
2021-09-30,78.24290466308594,78.48709106445312,-0.0031111664103675735
2021-10-01,79.56145477294922,78.24290466308594,0.01685200869703087
2021-10-04,77.84247589111328,79.56145477294922,-0.02160567433993663
2021-10-05,79.0047378540039,77.84247589111328,0.014930948040712462
2021-10-06,79.1414794921875,79.0047378540039,0.001730803011286288
2021-10-07,79.48332977294922,79.1414794921875,0.004319483069500422
2021-10-08,79.09264373779297,79.48332977294922,-0.004915320436024476
2021-10-11,77.90106964111328,79.09264373779297,-0.01506554896091197
2021-10-12,77.17833709716797,77.90106964111328,-0.009277568938076316
2021-10-13,77.5396957397461,77.17833709716797,0.004682125272058821
2021-10-14,78.63360595703125,77.5396957397461,0.014107744515231939
2021-10-15,78.44802856445312,78.63360595703125,-0.002360026483836089
2021-10-18,79.05359649658203,78.44802856445312,0.007719351820694511
2021-10-19,79.8154067993164,79.05359649658203,0.009636630545547826
2021-10-20,79.97166442871094,79.8154067993164,0.0019577376807389715
2021-10-21,80.20608520507812,79.97166442871094,0.0029312979546168754
2021-10-22,78.50662994384766,80.20608520507812,-0.0211886075337694
2021-10-25,78.84847259521484,78.50662994384766,0.004354315700619076
2021-10-26,78.14524841308594,78.84847259521484,-0.008918678561334409
2021-10-27,77.93038940429688,78.14524841308594,-0.002749482702432397
2021-10-28,78.18433380126953,77.93038940429688,0.0032586055185123254
2021-10-29,78.42849731445312,78.18433380126953,0.0031229211954943983
2021-11-01,78.55546569824219,78.42849731445312,0.00161890624118415
2021-11-02,78.56522369384766,78.55546569824219,0.0001242179079295701
2021-11-03,78.84847259521484,78.56522369384766,0.0036052707298454287
2021-11-04,79.16101837158203,78.84847259521484,0.0039638786406390744
2021-11-05,79.79586791992188,79.16101837158203,0.008019724371910657
2021-11-08,79.44424438476562,79.79586791992188,-0.0044065381369009895
2021-11-09,79.2489013671875,79.44424438476562,-0.0024588693503337588
2021-11-10,78.3503646850586,79.2489013671875,-0.011338159477639644
2021-11-11,78.19408416748047,78.3503646850586,-0.0019946367602284775
2021-11-12,79.3368148803711,78.19408416748047,0.01461403026913213
2021-11-15,79.56145477294922,79.3368148803711,0.0028314710253600525
2021-11-16,78.9656753540039,79.56145477294922,-0.007488292171699664
2021-11-17,78.66288757324219,78.9656753540039,-0.0038344227337297897
2021-11-18,78.0964126586914,78.66288757324219,-0.007201298249105621
2021-11-19,77.83271026611328,78.0964126586914,-0.003376626193197843
2021-11-22,76.88533020019531,77.83271026611328,-0.012172004067169662
2021-11-23,76.68021392822266,76.88533020019531,-0.0026678206549750265
2021-11-24,76.78764343261719,76.68021392822266,0.0014010068424573229
2021-11-26,75.3812026977539,76.78764343261719,-0.018315977310821675
2021-11-29,76.02581024169922,75.3812026977539,0.008551303519657421
2021-11-30,73.6134033203125,76.02581024169922,-0.031731420075856595
2021-12-01,71.91394805908203,73.6134033203125,-0.02308622050573676
2021-12-02,73.12505340576172,71.91394805908203,0.01684103542312383
2021-12-03,72.9590072631836,73.12505340576172,-0.002270714821317885
2021-12-06,74.16033172607422,72.9590072631836,0.016465745737974626
2021-12-07,74.92216491699219,74.16033172607422,0.010272785641412036
2021-12-08,75.46910095214844,74.92216491699219,0.007300056475439701
2021-12-09,74.87332916259766,75.46910095214844,-0.007894247871437257
2021-12-10,74.91238403320312,74.87332916259766,0.0005216125827750462
2021-12-13,74.521728515625,74.91238403320312,-0.005214832268653689
2021-12-14,74.32637786865234,74.521728515625,-0.0026213917855071895
2021-12-15,75.10774230957031,74.32637786865234,0.010512612928599532
2021-12-16,75.00029754638672,75.10774230957031,-0.0014305417774473966
2021-12-17,74.6975326538086,75.00029754638672,-0.004036849219043015
2021-12-20,74.1758804321289,74.6975326538086,-0.006983526806666084
2021-12-21,75.58522033691406,74.1758804321289,0.018999975417544324
2021-12-22,75.77116394042969,75.58522033691406,0.002460052410865494
2021-12-23,76.44645690917969,75.77116394042969,0.008912268647224511
2021-12-27,77.19026947021484,76.44645690917969,0.00972985002979045
2021-12-28,77.15113067626953,77.19026947021484,-0.0005070431054838442
2021-12-29,76.76944732666016,77.15113067626953,-0.004947216538030269
2021-12-30,77.0924072265625,76.76944732666016,0.004206880616557307
2021-12-31,76.02562713623047,77.0924072265625,-0.013837680372295703
2022-01-03,76.55413055419922,76.02562713623047,0.006951648251736532
2022-01-04,76.38775634765625,76.55413055419922,-0.0021732884344519885
2022-01-05,74.46949768066406,76.38775634765625,-0.025112122134623268
2022-01-06,74.80224609375,74.46949768066406,0.004468251075263199
2022-01-07,74.81204223632812,74.80224609375,0.00013096054048761382
2022-01-10,74.3422622680664,74.81204223632812,-0.0062794699117784195
2022-01-11,75.27202606201172,74.3422622680664,0.012506530815442927
2022-01-12,75.36990356445312,75.27202606201172,0.0013003170973605964
2022-01-13,74.58694458007812,75.36990356445312,-0.010388217940407033
2022-01-14,74.92948150634766,74.58694458007812,0.0045924515100866795
2022-01-18,74.019287109375,74.92948150634766,-0.012147346794272814
2022-01-19,73.89205169677734,74.019287109375,-0.001718949446373972
2022-01-20,73.15803527832031,73.89205169677734,-0.009933631582854586
2022-01-21,70.68191528320312,73.15803527832031,-0.03384617951667385
2022-01-24,71.20063018798828,70.68191528320312,0.007338721690078817
2022-01-25,69.74236297607422,71.20063018798828,-0.02048109978891838
2022-01-26,68.7245101928711,69.74236297607422,-0.014594469412404467
2022-01-27,68.80281066894531,68.7245101928711,0.0011393384376909097
2022-01-28,70.77000427246094,68.80281066894531,0.028591762231648672
2022-01-31,72.37506103515625,70.77000427246094,0.022679902017752114
2022-02-01,73.00142669677734,72.37506103515625,0.008654440530514179
2022-02-02,74.45970153808594,73.00142669677734,0.019975977282824384
2022-02-03,69.47809600830078,74.45970153808594,-0.06690337762416464
2022-02-04,69.6542739868164,69.47809600830078,0.0025357341181971426
2022-02-07,68.44068145751953,69.6542739868164,-0.017423087770989817
2022-02-08,68.41130828857422,68.44068145751953,-0.0004291770379806072
2022-02-09,70.3393783569336,68.41130828857422,0.028183499432964266
2022-02-10,69.331298828125,70.3393783569336,-0.014331652516079194
2022-02-11,67.83389282226562,69.331298828125,-0.02159783577070297
2022-02-14,67.84366607666016,67.83389282226562,0.00014407627202140023
2022-02-15,68.79300689697266,67.84366607666016,0.013993064868278041
2022-02-16,68.3134536743164,68.79300689697266,-0.006970958885028087
2022-02-17,66.49305725097656,68.3134536743164,-0.026647700056544682
2022-02-18,65.974365234375,66.49305725097656,-0.00780069435886774
2022-02-22,65.2990493774414,65.974365234375,-0.010236034170765013
2022-02-23,64.20289611816406,65.2990493774414,-0.016786664886059233
2022-02-24,66.00370025634766,64.20289611816406,0.02804864339560714
2022-02-25,67.07050323486328,66.00370025634766,0.016162775334902974
2022-02-28,66.99220275878906,67.07050323486328,-0.0011674353448643594
2022-03-01,66.15050506591797,66.99220275878906,-0.012564114302998747
2022-03-02,66.7181625366211,66.15050506591797,0.008581302140285444
2022-03-03,66.0232925415039,66.7181625366211,-0.010415004980626957
2022-03-04,65.07393646240234,66.0232925415039,-0.014379108380648743
2022-03-07,62.91100311279297,65.07393646240234,-0.03323808988962961
2022-03-08,62.75441360473633,62.91100311279297,-0.002489063920597351
2022-03-09,64.63352966308594,62.75441360473633,0.029943966494299055
2022-03-10,64.15396118164062,64.63352966308594,-0.007419809562392007
2022-03-11,62.99909973144531,64.15396118164062,-0.018001405196563406
2022-03-14,62.26506423950195,62.99909973144531,-0.011651523514977684
2022-03-15,63.45907974243164,62.26506423950195,0.019176331342675865
2022-03-16,65.21095275878906,63.45907974243164,0.0276063413378817
2022-03-17,65.91561889648438,65.21095275878906,0.010805947588311203
2022-03-18,66.77688598632812,65.91561889648438,0.013066206526806743
2022-03-21,66.15186309814453,66.77688598632812,-0.009359868747272232
2022-03-22,67.38816833496094,66.15186309814453,0.018688895201367094
2022-03-23,66.46585083007812,67.38816833496094,-0.013686638584659598
2022-03-24,67.55496215820312,66.46585083007812,0.016386028532296152
2022-03-25,67.87874603271484,67.55496215820312,0.004792895505639804
2022-03-28,68.09461975097656,67.87874603271484,0.0031802844171233842
2022-03-29,69.2818603515625,68.09461975097656,0.017435160148154157
2022-03-30,68.79127502441406,69.2818603515625,-0.007081006841603575
2022-03-31,67.48628234863281,68.79127502441406,-0.018970322549162047
2022-04-01,67.9866943359375,67.48628234863281,0.0074150178360628755
2022-04-04,69.86076354980469,67.9866943359375,0.02756523511213814
2022-04-05,68.96788787841797,69.86076354980469,-0.012780788900913966
2022-04-06,67.68253326416016,68.96788787841797,-0.01863700127403839
2022-04-07,67.09380340576172,67.68253326416016,-0.008698401640799502
2022-04-08,66.79944610595703,67.09380340576172,-0.004387250161158838
2022-04-11,65.93598937988281,66.79944610595703,-0.012926106074361858
2022-04-12,65.39634704589844,65.93598937988281,-0.008184336643153805
2022-04-13,66.35791015625,65.39634704589844,0.014703621131570074
2022-04-14,65.22954559326172,66.35791015625,-0.01700422090345178
2022-04-18,65.013671875,65.22954559326172,-0.003309446912412935
2022-04-19,66.30884552001953,65.013671875,0.019921558153333133
2022-04-20,63.43397521972656,66.30884552001953,-0.043355758613306074
2022-04-21,61.628578186035156,63.43397521972656,-0.02846104201159961
2022-04-22,60.16659927368164,61.628578186035156,-0.023722418322556654
2022-04-25,60.99080276489258,60.16659927368164,0.01369868832808479
2022-04-26,58.98917007446289,60.99080276489258,-0.03281859886556312
2022-04-27,57.674381256103516,58.98917007446289,-0.022288647504274055
2022-04-28,59.98018264770508,57.674381256103516,0.03997964679261377
2022-04-29,57.9491081237793,59.98018264770508,-0.03386242645934145
2022-05-02,59.5484504699707,57.9491081237793,0.027599084748210635
2022-05-03,59.7054443359375,59.5484504699707,0.0026364055609804033
2022-05-04,61.75613021850586,59.7054443359375,0.034346715033724724
2022-05-05,59.47977066040039,61.75613021850586,-0.03686046308360387
2022-05-06,58.25328063964844,59.47977066040039,-0.020620288328860495
2022-05-09,56.742252349853516,58.25328063964844,-0.025938938943920756
2022-05-10,56.99736022949219,56.742252349853516,0.004495906825583219
2022-05-11,55.96711349487305,56.99736022949219,-0.018075341217049193
2022-05-12,56.575443267822266,55.96711349487305,0.010869414821704995
2022-05-13,57.90005111694336,56.575443267822266,0.02341312365597452
2022-05-16,57.52720260620117,57.90005111694336,-0.00643951954358604
2022-05-17,58.783119201660156,57.52720260620117,0.021831699414558398
2022-05-18,56.859989166259766,58.783119201660156,-0.032715685413068
2022-05-19,56.781494140625,56.859989166259766,-0.0013804966688481873
2022-05-20,56.92867660522461,56.781494140625,0.0025920850943988443
2022-05-23,57.78230667114258,56.92867660522461,0.014994728787347696
2022-05-24,55.73162078857422,57.78230667114258,-0.03548985841357048
2022-05-25,56.47732925415039,55.73162078857422,0.013380347727641411
2022-05-26,57.85099411010742,56.47732925415039,0.024322411737557222
2022-05-27,59.08729553222656,57.85099411010742,0.021370443864215993
2022-05-31,59.04804611206055,59.08729553222656,-0.0006642615779327513
2022-06-01,58.37102508544922,59.04804611206055,-0.011465595751068328
2022-06-02,59.79374694824219,58.37102508544922,0.02437376867564428
2022-06-03,58.49858474731445,59.79374694824219,-0.02166049573793785
2022-06-06,58.79293441772461,58.49858474731445,0.005031740027243466
2022-06-07,59.21484375,58.79293441772461,0.0071761910925846805
2022-06-08,59.057857513427734,59.21484375,-0.002651129795006267
2022-06-09,57.242652893066406,59.057857513427734,-0.030736039145148684
2022-06-10,55.643310546875,57.242652893066406,-0.02793969645640111
2022-06-13,53.01372528076172,55.643310546875,-0.04725788671215146
2022-06-14,52.86654281616211,53.01372528076172,-0.0027763086600711075
2022-06-15,54.05379104614258,52.86654281616211,0.022457459231049033
2022-06-16,52.08159255981445,54.05379104614258,-0.036485849524311324
2022-06-17,52.827301025390625,52.08159255981445,0.014318081090161435
2022-06-21,53.201053619384766,52.827301025390625,0.007074989385024653
2022-06-22,53.28957748413086,53.201053619384766,0.001663949465727094
2022-06-23,53.94855499267578,53.28957748413086,0.01236597360414725
2022-06-24,56.00421142578125,53.94855499267578,0.03810401285788935
2022-06-27,55.47309494018555,56.00421142578125,-0.009483509758896568
2022-06-28,53.86003875732422,55.47309494018555,-0.029078171762376395
2022-06-29,54.02724838256836,53.86003875732422,0.003104521071689768
2022-06-30,53.37809753417969,54.02724838256836,-0.012015249116372126
2022-07-01,53.91905975341797,53.37809753417969,0.010134535403624792
2022-07-05,55.168182373046875,53.91905975341797,0.02316662466558912
2022-07-06,55.17802047729492,55.168182373046875,0.0001783293163715578
2022-07-07,56.043556213378906,55.17802047729492,0.01568624116264087
2022-07-08,55.777992248535156,56.043556213378906,-0.004738528080421022
2022-07-11,54.086265563964844,55.777992248535156,-0.030329644656844755
2022-07-12,54.056758880615234,54.086265563964844,-0.0005455485425355065
2022-07-13,53.81085968017578,54.056758880615234,-0.004548907584017817
2022-07-14,53.132205963134766,53.81085968017578,-0.012611835623414792
2022-07-15,54.49936294555664,53.132205963134766,0.025731229442467772
2022-07-18,54.223968505859375,54.49936294555664,-0.0050531680521179135
2022-07-19,56.15174865722656,54.223968505859375,0.035552177468509596
2022-07-20,57.07630157470703,56.15174865722656,0.016465256017658882
2022-07-21,57.04679489135742,57.07630157470703,-0.0005169690841125743
2022-07-22,55.0698356628418,57.04679489135742,-0.03465504472741437
2022-07-25,54.88294982910156,55.0698356628418,-0.003393615243096413
2022-07-26,53.78135681152344,54.88294982910156,-0.02007168020320234
2022-07-27,56.05339813232422,53.78135681152344,0.042245890685933075
2022-07-28,55.4140739440918,56.05339813232422,-0.011405627661023888
2022-07-29,55.44358444213867,55.4140739440918,0.0005325451811510672
2022-08-01,55.36489486694336,55.44358444213867,-0.0014192728696578684
2022-08-02,55.2763786315918,55.36489486694336,-0.001598779074073755
2022-08-03,56.60418701171875,55.2763786315918,0.02402126211951371
2022-08-04,56.85007858276367,56.60418701171875,0.004344052693381411
2022-08-05,56.15174865722656,56.85007858276367,-0.012283710822324798
2022-08-08,56.4763298034668,56.15174865722656,0.0057804281077978815
2022-08-09,55.9255256652832,56.4763298034668,-0.009752831674798079
2022-08-10,57.499229431152344,55.9255256652832,0.02813927535143485
2022-08-11,57.558250427246094,57.499229431152344,0.0010264658618498491
2022-08-12,58.58115768432617,57.558250427246094,0.01777168780300294
2022-08-15,58.78770446777344,58.58115768432617,0.0035258228347120695
2022-08-16,58.90572738647461,58.78770446777344,0.002007612302090658
2022-08-17,57.76479721069336,58.90572738647461,-0.019368747767016282
2022-08-18,57.67627716064453,57.76479721069336,-0.0015324220688589449
2022-08-19,56.741886138916016,57.67627716064453,-0.016200612586800216
2022-08-22,55.1190071105957,56.741886138916016,-0.02860107653713105
2022-08-23,54.64689636230469,55.1190071105957,-0.00856529848848203
2022-08-24,54.971466064453125,54.64689636230469,0.0059393986439150274
2022-08-25,56.043556213378906,54.971466064453125,0.019502666122616658
2022-08-26,54.25346755981445,56.043556213378906,-0.03194102541867458
2022-08-29,53.83053207397461,54.25346755981445,-0.007795547544929867
2022-08-30,53.35842514038086,53.83053207397461,-0.008770244606629089
2022-08-31,53.48629379272461,53.35842514038086,0.002396409789219602
2022-09-01,53.97806930541992,53.48629379272461,0.009194421183884787
2022-09-02,52.95516586303711,53.97806930541992,-0.018950352532896227
2022-09-06,52.296173095703125,52.95516586303711,-0.012444352814197559
2022-09-07,53.34859085083008,52.296173095703125,0.02012418295313896
2022-09-08,53.22072219848633,53.34859085083008,-0.00239685154386342
2022-09-09,54.70591354370117,53.22072219848633,0.02790626064178221
2022-09-12,54.99113845825195,54.70591354370117,0.005213785787946539
2022-09-13,51.971595764160156,54.99113845825195,-0.05490962323655413
2022-09-14,52.060115814208984,51.971595764160156,0.001703239024072298
2022-09-15,51.833900451660156,52.060115814208984,-0.004345271980495407
2022-09-16,51.28309631347656,51.833900451660156,-0.010626330131132402
2022-09-19,51.578800201416016,51.28309631347656,0.005766108312413769
2022-09-20,50.780418395996094,51.578800201416016,-0.015478875086318964
2022-09-21,49.53850555419922,50.780418395996094,-0.024456530312771046
2022-09-22,49.36109924316406,49.53850555419922,-0.003581180115356106
2022-09-23,48.4050178527832,49.36109924316406,-0.019369126803092124
2022-09-26,47.61650085449219,48.4050178527832,-0.01628998466004444
2022-09-27,47.360233306884766,47.61650085449219,-0.0053819063351700554
2022-09-28,48.976688385009766,47.360233306884766,0.034131062396815
2022-09-29,47.7840576171875,48.976688385009766,-0.024350988340552902
2022-09-30,47.20252990722656,47.7840576171875,-0.012169910613697384
2022-10-03,48.523292541503906,47.20252990722656,0.02798075943965747
2022-10-04,50.011619567871094,48.523292541503906,0.030672424487562588
2022-10-05,49.62721633911133,50.011619567871094,-0.007686278350535909
2022-10-06,49.36109924316406,49.62721633911133,-0.005362321636757573
2022-10-07,48.03046798706055,49.36109924316406,-0.026957083138455278
2022-10-10,47.90233612060547,48.03046798706055,-0.0026677205495810904
2022-10-11,47.005401611328125,47.90233612060547,-0.01872423313591844
2022-10-12,46.946258544921875,47.005401611328125,-0.0012582185106146768
2022-10-13,48.07975387573242,46.946258544921875,0.024144529637562688
2022-10-14,47.291236877441406,48.07975387573242,-0.01640018791129895
2022-10-17,48.592288970947266,47.291236877441406,0.02751148372113058
2022-10-18,48.95697784423828,48.592288970947266,0.007505077060869856
2022-10-19,48.99640655517578,48.95697784423828,0.0008053746916925009
2022-10-20,49.114681243896484,48.99640655517578,0.0024139461857781703
2022-10-21,49.430091857910156,49.114681243896484,0.006421921226514489
2022-10-24,49.77506637573242,49.430091857910156,0.00697903857459776
2022-10-25,51.0958251953125,49.77506637573242,0.026534546626421122
2022-10-26,49.479373931884766,51.0958251953125,-0.03163568172642071
2022-10-27,47.1335334777832,49.479373931884766,-0.047410471630682675
2022-10-28,48.32616424560547,47.1335334777832,0.02530323274796324
2022-10-31,47.517940521240234,48.32616424560547,-0.016724350814553424
2022-11-01,47.2123908996582,47.517940521240234,-0.006430194958585219
2022-11-02,45.88176345825195,47.2123908996582,-0.028183860551232603
2022-11-03,44.75813674926758,45.88176345825195,-0.02448961470294769
2022-11-04,45.06367874145508,44.75813674926758,0.00682651277239551
2022-11-07,45.87191390991211,45.06367874145508,0.01793540143702289
2022-11-08,45.92119216918945,45.87191390991211,0.001074257755499833
2022-11-09,45.30023956298828,45.92119216918945,-0.013522136008868608
2022-11-10,48.04033279418945,45.30023956298828,0.06048738941857416
2022-11-11,49.30195236206055,48.04033279418945,0.026261674191059903
2022-11-14,49.104827880859375,49.30195236206055,-0.003998309838797897
2022-11-15,49.83420181274414,49.104827880859375,0.014853405731395895
2022-11-16,49.34138107299805,49.83420181274414,-0.009889207046957544
2022-11-17,48.96683883666992,49.34138107299805,-0.007590834066318674
2022-11-18,48.81898498535156,48.96683883666992,-0.003019468988217301
2022-11-21,48.41487503051758,48.81898498535156,-0.008277721360967256
2022-11-22,49.13439178466797,48.41487503051758,0.014861481181080282
2022-11-23,49.75535202026367,49.13439178466797,0.012637995771211913
2022-11-25,49.479373931884766,49.75535202026367,-0.005546701554166669
2022-11-28,48.69085693359375,49.479373931884766,-0.015936276788314236
2022-11-29,48.710567474365234,48.69085693359375,0.0004048098968224421
2022-11-30,50.77056121826172,48.710567474365234,0.04229048953249397
2022-12-01,51.066261291503906,50.77056121826172,0.005824242753019378
2022-12-02,51.194393157958984,51.066261291503906,0.00250912957429284
2022-12-05,50.386165618896484,51.194393157958984,-0.01578742298143343
2022-12-06,48.9372673034668,50.386165618896484,-0.02875587569787812
2022-12-07,48.69085693359375,48.9372673034668,-0.00503522945703163
2022-12-08,48.592288970947266,48.69085693359375,-0.002024362865104525
2022-12-09,48.73027801513672,48.592288970947266,0.0028397313053508365
2022-12-12,49.114681243896484,48.73027801513672,0.007888385710427536
2022-12-13,49.942623138427734,49.114681243896484,0.016857319920693548
2022-12-14,49.29209518432617,49.942623138427734,-0.013025506335509675
2022-12-15,47.37009048461914,49.29209518432617,-0.03899214858933786
2022-12-16,47.360233306884766,47.37009048461914,-0.00020808864060700035
2022-12-19,46.25162124633789,47.360233306884766,-0.02340807853211559
2022-12-20,46.56780242919922,46.25162124633789,0.006836110266866866
2022-12-21,47.1804084777832,46.56780242919922,0.013155141892628038
2022-12-22,46.77529525756836,47.1804084777832,-0.0085864712342541
2022-12-23,47.22981262207031,46.77529525756836,0.009717038919779156
2022-12-27,46.804935455322266,47.22981262207031,-0.008995952834873273
2022-12-28,46.1231689453125,46.804935455322266,-0.014566124349440606
2022-12-29,47.39778518676758,46.1231689453125,0.02763505350134051
2022-12-30,47.417545318603516,47.39778518676758,0.00041689989855167527
2023-01-03,48.03014373779297,47.417545318603516,0.012919235170722975
2023-01-04,48.929290771484375,48.03014373779297,0.018720473513467836
2023-01-05,48.99845886230469,48.929290771484375,0.0014136336278273453
2023-01-06,49.798797607421875,48.99845886230469,0.016333957510098366
2023-01-09,49.877838134765625,49.798797607421875,0.0015871975055873641
2023-01-10,50.62877655029297,49.877838134765625,0.01505555259829772
2023-01-11,50.994361877441406,50.62877655029297,0.007220899892480653
2023-01-12,51.55756378173828,50.994361877441406,0.011044395567699436
2023-01-13,51.72553634643555,51.55756378173828,0.0032579616331049684
2023-01-17,51.24137878417969,51.72553634643555,-0.009360126476276221
2023-01-18,50.618896484375,51.24137878417969,-0.01214803962294772
2023-01-19,50.87579345703125,50.618896484375,0.005075119974919815
2023-01-20,52.46658706665039,50.87579345703125,0.03126818279429284
2023-01-23,53.385494232177734,52.46658706665039,0.017514140272932553
2023-01-24,53.237281799316406,53.385494232177734,-0.0027762678793745083
2023-01-25,53.425018310546875,53.237281799316406,0.0035264105319682076
2023-01-26,54.25499725341797,53.425018310546875,0.015535398379212981
2023-01-27,54.63046646118164,54.25499725341797,0.0069204539078659335
2023-01-30,53.77083969116211,54.63046646118164,-0.015735299837323368
2023-01-31,54.42296600341797,53.77083969116211,0.012127880390215373
2023-02-01,55.065216064453125,54.42296600341797,0.011801085243954188
2023-02-02,58.681556701660156,55.065216064453125,0.06567377549148543
2023-02-03,57.5057487487793,58.681556701660156,-0.020037095451620742
2023-02-06,56.81410598754883,57.5057487487793,-0.012027367285521182
2023-02-07,57.871337890625,56.81410598754883,0.018608616376149103
2023-02-08,56.053287506103516,57.871337890625,-0.031415385418556284
2023-02-09,54.82808303833008,56.053287506103516,-0.02185785209547304
2023-02-10,54.30439758300781,54.82808303833008,-0.00955140917394758
2023-02-13,55.075096130371094,54.30439758300781,0.014192194033369365
2023-02-14,55.094852447509766,55.075096130371094,0.00035871598102898777
2023-02-15,55.59877395629883,55.094852447509766,0.009146435400097696
2023-02-16,54.7490348815918,55.59877395629883,-0.015283413900006758
2023-02-17,54.68975067138672,54.7490348815918,-0.0010828357126896348
2023-02-21,53.48429870605469,54.68975067138672,-0.022041643096440647
2023-02-22,53.59299087524414,53.48429870605469,0.0020322257525861253
2023-02-23,53.345970153808594,53.59299087524414,-0.004609198281368012
2023-02-24,52.60491943359375,53.345970153808594,-0.013891409568112184
2023-02-27,52.77288818359375,52.60491943359375,0.0031930236146837316
2023-02-28,52.861812591552734,52.77288818359375,0.0016850396296223475
2023-03-01,52.45671081542969,52.861812591552734,-0.007663410622203707
2023-03-02,52.950748443603516,52.45671081542969,0.009418006209198143
2023-03-03,54.106781005859375,52.950748443603516,0.021832223268517536
2023-03-06,54.106781005859375,54.106781005859375,0.0
2023-03-07,53.553470611572266,54.106781005859375,-0.010226267096303324
2023-03-08,53.583106994628906,53.553470611572266,0.0005533979911702783
2023-03-09,52.37765884399414,53.583106994628906,-0.02249679457287906
2023-03-10,51.6366081237793,52.37765884399414,-0.014148221523647118
2023-03-13,51.6366081237793,51.6366081237793,0.0
2023-03-14,53.09895324707031,51.6366081237793,0.02831992991843296
2023-03-15,53.672035217285156,53.09895324707031,0.010792716902502462
2023-03-16,54.87748336791992,53.672035217285156,0.022459520041575566
2023-03-17,54.35380172729492,54.87748336791992,-0.009542741548733845
2023-03-20,54.76002502441406,54.35380172729492,0.007473686921795333
2023-03-21,55.92913055419922,54.76002502441406,0.021349616426652934
2023-03-22,54.94826889038086,55.92913055419922,-0.017537581115584056
2023-03-23,55.8399658203125,54.94826889038086,0.016227934891097896
2023-03-24,56.127288818359375,55.8399658203125,0.0051454723122763375
2023-03-27,55.81024169921875,56.127288818359375,-0.005648716084731285
2023-03-28,55.35448455810547,55.81024169921875,-0.008166191853629996
2023-03-29,56.08765411376953,55.35448455810547,0.01324498929972794
2023-03-30,56.355167388916016,56.08765411376953,0.004769557211358031
2023-03-31,57.43511199951172,56.355167388916016,0.019163186991227137
2023-04-03,57.67289352416992,57.43511199951172,0.004140002802819025
2023-04-04,57.85123062133789,57.67289352416992,0.0030922169197775745
2023-04-05,57.66298294067383,57.85123062133789,-0.003253996131840782
2023-04-06,58.38624954223633,57.66298294067383,0.012542996644946862
2023-04-10,58.257450103759766,58.38624954223633,-0.0022059892438097022
2023-04-11,58.10883331298828,58.257450103759766,-0.002551034940712125
2023-04-12,57.504459381103516,58.10883331298828,-0.010400723907662385
2023-04-13,58.70329666137695,57.504459381103516,0.020847727170658113
2023-04-14,58.68347930908203,58.70329666137695,-0.0003375849981515678
2023-04-17,58.34661865234375,58.68347930908203,-0.005740297962976228
2023-04-18,58.04938507080078,58.34661865234375,-0.005094272614391324
2023-04-19,57.61344909667969,58.04938507080078,-0.007509743188311092
2023-04-20,57.01898193359375,57.61344909667969,-0.01031820126041017
2023-04-21,57.157691955566406,57.01898193359375,0.002432699028793651
2023-04-24,57.09824752807617,57.157691955566406,-0.0010400074855444765
2023-04-25,56.20655059814453,57.09824752807617,-0.01561688788247272
2023-04-26,55.61208724975586,56.20655059814453,-0.010576406878957202
2023-04-27,58.84200668334961,55.61208724975586,0.05807944987009869
2023-04-28,59.34730529785156,58.84200668334961,0.008587379033844818
2023-05-01,59.33739471435547,59.34730529785156,-0.00016699298218098748
2023-05-02,58.23763656616211,59.33739471435547,-0.01853398103316618
2023-05-03,58.0097541809082,58.23763656616211,-0.0039129744730457185
2023-05-04,57.07843017578125,58.0097541809082,-0.016054610440556987
2023-05-05,57.79179000854492,57.07843017578125,0.012497888091294339
2023-05-08,58.3763427734375,57.79179000854492,0.010114806355818844
2023-05-09,58.0097541809082,58.3763427734375,-0.006279745785926532
2023-05-10,58.52495574951172,58.0097541809082,0.00888129204955458
2023-05-11,59.10951614379883,58.52495574951172,0.009988224455718387
2023-05-12,59.159053802490234,59.10951614379883,0.0008380657112958493
2023-05-15,59.43647003173828,59.159053802490234,0.004689328368473151
2023-05-16,59.36711120605469,59.43647003173828,-0.0011669405273657244
2023-05-17,60.09038162231445,59.36711120605469,0.012183015167259836
2023-05-18,61.170326232910156,60.09038162231445,0.017972004527837242
2023-05-19,60.84336471557617,61.170326232910156,-0.005345100107674043
2023-05-22,61.39820098876953,60.84336471557617,0.009119092538472299
2023-05-23,60.63530349731445,61.39820098876953,-0.012425404640025547
2023-05-24,60.357887268066406,60.63530349731445,-0.004575160232525821
2023-05-25,60.357887268066406,60.357887268066406,0.0
2023-05-26,61.58644485473633,60.357887268066406,0.020354549211001223
2023-05-30,61.68552017211914,61.58644485473633,0.0016087195423684709
2023-05-31,61.66571044921875,61.68552017211914,-0.00032114056662108364
2023-06-01,62.49795913696289,61.66571044921875,0.013496133940263142
2023-06-02,62.57722091674805,62.49795913696289,0.0012682298890985516
2023-06-05,62.73574447631836,62.57722091674805,0.0025332470385862975
2023-06-06,62.99334716796875,62.73574447631836,0.004106155012596226
2023-06-07,62.289894104003906,62.99334716796875,-0.01116710090176856
2023-06-08,62.60694122314453,62.289894104003906,0.005089864474825711
2023-06-09,62.62675476074219,62.60694122314453,0.00031647509382444613
2023-06-12,63.36983871459961,62.62675476074219,0.011865279570948274
2023-06-13,63.57789993286133,63.36983871459961,0.0032832846426952334
2023-06-14,63.6868782043457,63.57789993286133,0.0017140904559517812
2023-06-15,64.69747924804688,63.6868782043457,0.015868277299737592
2023-06-16,64.1624526977539,64.69747924804688,-0.008269666090725172
2023-06-20,63.849853515625,64.1624526977539,-0.004871995520518018
2023-06-21,63.2147331237793,63.849853515625,-0.009947092387459899
2023-06-22,63.71092224121094,63.2147331237793,0.007849263817345622
2023-06-23,63.571990966796875,63.71092224121094,-0.002180650813498911
2023-06-26,62.93686294555664,63.571990966796875,-0.00999068947788589
2023-06-27,63.99871063232422,62.93686294555664,0.016871633523998907
2023-06-28,64.28650665283203,63.99871063232422,0.004496903416714361
2023-06-29,63.93916320800781,64.28650665283203,-0.0054030536563448054
2023-06-30,64.58421325683594,63.93916320800781,0.010088496884603242
2023-07-03,64.80254364013672,64.58421325683594,0.0033805534246044563
2023-07-05,65.29873657226562,64.80254364013672,0.007656997769784757
2023-07-06,64.78269958496094,65.29873657226562,-0.007902710134882827
2023-07-07,64.55445098876953,64.78269958496094,-0.0035232955349763367
2023-07-10,64.38573455810547,64.55445098876953,-0.0026135522505398414
2023-07-11,65.50713348388672,64.38573455810547,0.017416884865532344
2023-07-12,66.30103302001953,65.50713348388672,0.01211928371630082
2023-07-13,67.27357482910156,66.30103302001953,0.014668577015811703
2023-07-14,66.6384506225586,67.27357482910156,-0.009440916558342657
2023-07-17,66.40028381347656,66.6384506225586,-0.0035740148046210203
2023-07-18,66.85677337646484,66.40028381347656,0.006874813431078022
2023-07-19,67.04531860351562,66.85677337646484,0.002820136502686108
2023-07-20,65.71553039550781,67.04531860351562,-0.019834169420116426
2023-07-21,65.06056213378906,65.71553039550781,-0.009966719552848993
2023-07-24,65.17964935302734,65.06056213378906,0.001830405630270962
2023-07-25,65.38805389404297,65.17964935302734,0.003197386654949002
2023-07-26,66.41020202636719,65.38805389404297,0.0156320317160768
2023-07-27,66.96593475341797,66.41020202636719,0.008368183051606075
2023-07-28,68.28580474853516,66.96593475341797,0.019709573232677392
2023-07-31,68.26595306396484,68.28580474853516,-0.0002907146608788901
2023-08-01,68.1766357421875,68.26595306396484,-0.001308372882359877
2023-08-02,66.89646911621094,68.1766357421875,-0.018777204419671872
2023-08-03,66.72775268554688,66.89646911621094,-0.0025220528511149427
2023-08-04,66.57889556884766,66.72775268554688,-0.0022308126785073185
2023-08-07,67.61097717285156,66.57889556884766,0.015501632990241708
2023-08-08,67.42243957519531,67.61097717285156,-0.002788564897889912
2023-08-09,66.69799041748047,67.42243957519531,-0.010744926500425361
2023-08-10,66.9262466430664,66.69799041748047,0.003422235425043859
2023-08-11,66.60868072509766,66.9262466430664,-0.004745013113650383
2023-08-14,67.09494018554688,66.60868072509766,0.007300241577461537
2023-08-15,66.49951934814453,67.09494018554688,-0.008874303125626828
2023-08-16,65.70560455322266,66.49951934814453,-0.01193865463546432
2023-08-17,64.95140075683594,65.70560455322266,-0.011478530659828278
2023-08-18,64.56437683105469,64.95140075683594,-0.005958669424700851
2023-08-21,65.03079223632812,64.56437683105469,0.007224036352025895
2023-08-22,65.03079223632812,65.03079223632812,0.0
2023-08-23,66.08271026611328,65.03079223632812,0.01617569144725141
2023-08-24,64.81246185302734,66.08271026611328,-0.01922209921431312
2023-08-25,64.88192749023438,64.81246185302734,0.0010717944546614466
2023-08-28,65.67583465576172,64.88192749023438,0.012236183421752348
2023-08-29,67.13463592529297,65.67583465576172,0.022212146631672383
2023-08-30,67.14456939697266,67.13463592529297,0.00014796344007497723
2023-08-31,67.21403503417969,67.14456939697266,0.0010345682134967008
2023-09-01,66.58882904052734,67.21403503417969,-0.009301717912552252
2023-09-05,66.57889556884766,66.58882904052734,-0.0001491762480707054
2023-09-06,66.3705062866211,66.57889556884766,-0.0031299600338229113
2023-09-07,66.25142669677734,66.3705062866211,-0.0017941642531624617
2023-09-08,66.44989013671875,66.25142669677734,0.0029956100545538906
2023-09-11,67.45220184326172,66.44989013671875,0.015083722553652701
2023-09-12,66.74761199951172,67.45220184326172,-0.010445764919390641
2023-09-13,66.96593475341797,66.74761199951172,0.0032708698838221674
2023-09-14,67.89877319335938,66.96593475341797,0.013930044333380917
2023-09-15,66.99571228027344,67.89877319335938,-0.013300106476360585
2023-09-18,67.04345703125,66.99571228027344,0.0007126538303947656
2023-09-19,67.09320831298828,67.04345703125,0.0007420751247223335
2023-09-20,66.17792510986328,67.09320831298828,-0.013641965053381035
2023-09-21,65.36214447021484,66.17792510986328,-0.01232708094571028
2023-09-22,65.28256225585938,65.36214447021484,-0.0012175581906088456
2023-09-25,65.44173431396484,65.28256225585938,0.002438201758712104
2023-09-26,64.71549224853516,65.44173431396484,-0.011097536962352664
2023-09-27,64.8846206665039,64.71549224853516,0.002613414687772513
2023-09-28,65.60091400146484,64.8846206665039,0.011039493297534486
2023-09-29,65.23281860351562,65.60091400146484,-0.005611132154972709
2023-10-02,65.72029876708984,65.23281860351562,0.007472928105975583
2023-10-03,64.83487701416016,65.72029876708984,-0.013472576502848646
2023-10-04,65.4516830444336,64.83487701416016,0.009513491174491238
2023-10-05,65.36214447021484,65.4516830444336,-0.0013680102642733326
2023-10-06,66.56593322753906,65.36214447021484,0.018417216373198684
2023-10-09,67.28221893310547,66.56593322753906,0.010760544783740385
2023-10-10,67.67021179199219,67.28221893310547,0.005766647786579036
2023-10-11,68.28702545166016,67.67021179199219,0.009114995259124636
2023-10-12,67.481201171875,68.28702545166016,-0.011800547387374382
2023-10-13,66.72509765625,67.481201171875,-0.011204654073942758
2023-10-16,67.79954528808594,66.72509765625,0.016102601113769915
2023-10-17,68.03832244873047,67.79954528808594,0.0035218106497609553
2023-10-18,66.8643798828125,68.03832244873047,-0.017254137428249796
2023-10-19,66.79474639892578,66.8643798828125,-0.0010414137394044395
2023-10-20,66.17792510986328,66.79474639892578,-0.009234577901959367
2023-10-23,66.52613067626953,66.17792510986328,0.005261657355200953
2023-10-24,67.31207275390625,66.52613067626953,0.011814035622502713
2023-10-25,64.39714050292969,67.31207275390625,-0.04330474655911414
2023-10-26,62.994384765625,64.39714050292969,-0.02178288859333545
2023-10-27,62.76557159423828,62.994384765625,-0.003632278848948745
2023-10-30,64.05889129638672,62.76557159423828,0.020605559215000617
2023-10-31,64.38719177246094,64.05889129638672,0.005124979053340824
2023-11-01,65.33230590820312,64.38719177246094,0.014678604699551791
2023-11-02,66.19783020019531,65.33230590820312,0.013248029132911903
2023-11-03,67.21257781982422,66.19783020019531,0.015329016322137887
2023-11-06,67.03350830078125,67.21257781982422,-0.002664226322683201
2023-11-07,67.39165496826172,67.03350830078125,0.005342800586737226
2023-11-08,67.07330322265625,67.39165496826172,-0.004723904551021894
2023-11-09,67.05341339111328,67.07330322265625,-0.0002965387208818768
2023-11-10,68.11790466308594,67.05341339111328,0.015875273429610898
2023-11-13,67.96867370605469,68.11790466308594,-0.002190774331203414
2023-11-14,69.07296752929688,67.96867370605469,0.016247099774492384
2023-11-15,69.41121673583984,69.07296752929688,0.004896983851164385
2023-11-16,69.7196273803711,69.41121673583984,0.0044432392779538326
2023-11-17,69.70967864990234,69.7196273803711,-0.0001426962656365397
2023-11-20,70.49561309814453,69.70967864990234,0.011274394940038767
2023-11-21,70.25685119628906,70.49561309814453,-0.003386904395356667
2023-11-22,70.8338623046875,70.25685119628906,0.008212880289586832
2023-11-24,70.5950927734375,70.8338623046875,-0.0033708387977341623
2023-11-27,70.15735626220703,70.5950927734375,-0.006200664862574894
2023-11-28,70.32649230957031,70.15735626220703,0.00241080987617535
2023-11-29,69.81910705566406,70.32649230957031,-0.0072147100934991885
2023-11-30,69.41121673583984,69.81910705566406,-0.005842101639870926
2023-12-01,69.55050659179688,69.41121673583984,0.002006734105917354
2023-12-04,68.85409545898438,69.55050659179688,-0.010013027466497824
2023-12-05,68.5357437133789,68.85409545898438,-0.004623570224593356
2023-12-06,68.3566665649414,68.5357437133789,-0.00261290151291584
2023-12-07,69.78926849365234,68.3566665649414,0.020957750000139514
2023-12-08,70.11756896972656,69.78926849365234,0.00470416846544364
2023-12-11,69.5803451538086,70.11756896972656,-0.007661757585319544
2023-12-12,69.86885833740234,69.5803451538086,0.004146475315061839
2023-12-13,70.52545928955078,69.86885833740234,0.009397619594378638
2023-12-14,70.8338623046875,70.52545928955078,0.004372931679473833
2023-12-15,70.65478515625,70.8338623046875,-0.0025281290983006216
2023-12-18,71.52642822265625,70.65478515625,0.012336645911223834
2023-12-19,72.25445556640625,71.52642822265625,0.010178438401589229
2023-12-20,71.69596862792969,72.25445556640625,-0.007729446358685507
2023-12-21,72.404052734375,71.69596862792969,0.009876205315252178
2023-12-22,72.41403198242188,72.404052734375,0.00013782720262200447
2023-12-26,72.69327545166016,72.41403198242188,0.0038562066162268955
2023-12-27,72.7032470703125,72.69327545166016,0.00013717388012010427
2023-12-28,72.90270233154297,72.7032470703125,0.0027434161370753123
2023-12-29,72.46389770507812,72.90270233154297,-0.006019044732653006
